event_date,user_pseudo_id,item_name,session_id,session_engaged,engagement_time_seconds
20221205,1798014369.1647494382,,1670244903,1,2.072
20221205,265491745.1670236451,,1670236454,1,110.934
20221205,1533108908.1670240649,,1670240648,0,4.946
20221205,265491745.1670236451,,1670242019,1,257.109
20221205,89515559.1670242321,,1670242320,1,66.273
20221205,424241042.1670226808,,1670226807,0,5.501
20221205,1836284269.1670227271,,1670227271,1,
20221205,773386044.1670238708,,1670238707,0,
20221205,223608285.1651834754,,1670245198,0,
20221205,851173320.1670235327,,1670235327,0,
20221205,355583014.1670231763,,1670231762,0,
20221205,1149287039.1670309937,,1670309936,0,
20221205,112612378.1670288283,,,,
20221205,651736734.1670274184,,1670284741,0,
20221205,430805877.1670298622,,1670298622,0,
20221205,1722771055.1670294762,,1670294762,0,
20221205,1667413157.1666636215,,1670300763,0,
20221205,600005939.1670295728,,1670295727,1,24.559
20221205,453443118.1670291111,,1670291110,0,
20221205,720170335.1670300335,,1670300335,1,16.034
20221205,1408645294.1670288328,,1670288327,0,
20221205,112612378.1670288283,,1670288282,1,75.271
20221205,1162601645.1670288441,,1670288441,1,5.502
20221205,1371689807.1669686442,,1670285521,1,3.213
20221205,55164222.1670142464,,1670290652,1,8.507
20221205,1628103256.1670306020,,1670306020,0,1.773
20221205,2140637015.1670308416,,1670308415,0,
20221205,1134932592.1670282437,,1670282437,0,
20221205,1545244650.1670274142,,1670274141,1,29.618
20221205,1199916647.1670276751,,1670276750,1,8.351
20221205,536622625.1670280235,,1670280234,0,1.115
20221205,376554964.1670264656,,1670264656,0,
20221205,2117312615.1670264675,,1670264674,1,19.386
20221205,451209595.1670266799,,1670266799,0,
20221205,776411716.1670267474,,1670267473,0,
20221205,1195124748.1670268959,,1670268958,0,
20221205,651736734.1670274184,,1670280987,0,
20221205,1615166880.1670274171,,1670274171,0,
20221205,651736734.1670274184,,1670274183,0,
20221205,429894925.1670277250,,1670277249,0,3.273
20221205,2121064112.1670277464,,1670277463,1,17.917
20221205,1626105827.1670262250,,1670265460,0,
20221205,532381032.1659384942,,1670274421,0,7.965
20221205,611729872.1668006187,,1670269231,0,4.822
20221205,1608648711.1666637710,,1670270479,0,
20221205,1371689807.1669686442,,1670271145,1,71.606
20221205,267314288.1668564232,,1670277458,0,3.751
20221205,1604069233.1669129981,,1670281125,0,2.946
20221205,1183204064.1667052059,,,,
20221205,1798014369.1647494382,,1670253522,0,
20221205,1749573473.1670248506,,1670248505,1,36.792
20221205,372487162.1670251795,,1670251796,1,21.611
20221205,1359009841.1670256955,,1670256955,1,11.765
20221205,1519958484.1670253137,,1670253137,1,10.065
20221205,533557671.1668215526,,1670259325,0,
20221205,1626105827.1670262250,,1670262250,0,
20221205,1183204064.1667052059,,1670262378,1,8.06
20221205,147454401.1670262399,,1670262398,0,
20221205,2147212475.1670258506,,1670258506,0,4.608
20221205,322687986.1670262578,,1670262577,0,
20221205,2010024387.1670263149,,1670263148,0,
20221205,1538717295.1670252186,,1670252185,1,15.618
20221205,912728040.1670253095,,1670253095,1,6.841
20221205,1541797401.1670252128,,1670252128,0,
20221205,1166512330.1670260943,,1670260942,0,
20221204,1420785765.1670137801,,1670137801,0,6.606
20221204,1564781935.1670183020,,1670183020,0,
20221204,745080538.1670158278,,1670158277,1,142.289
20221204,1276944400.1670167543,,1670167543,0,
20221204,215443130.1670162193,,1670162192,0,
20221204,55164222.1670142464,,1670142464,1,13.15
20221204,300312591.1670174714,,1670182011,0,8.173
20221204,300312591.1670174714,,1670174714,1,13.547
20221204,1371179270.1670198437,,1670198437,1,109.697
20221204,2113845289.1670198747,,1670198746,0,2.533
20221204,896727495.1670206450,,1670206450,1,21.06
20221204,1600356229.1670177184,,1670177184,1,12.243
20221204,1732433398.1670195239,,1670195239,0,0.736
20221204,546896368.1670198399,,1670198399,0,
20221204,653747657.1670212276,,1670212275,0,
20221204,513218605.1670178961,,1670178961,0,
20221204,1218051532.1670141949,,1670141949,0,
20221204,631423479.1670180970,,1670180970,0,
20221204,429727327.1670187461,,1670187461,1,8.328
20221204,786616691.1670173675,,1670173675,0,
20221204,983413818.1670187436,,1670187436,0,2.232
20221204,133639850.1670185118,,1670185118,1,
20221204,702458485.1670193757,,1670193757,1,42.266
20221204,607854416.1670194742,,1670194741,0,
20221204,1297493458.1670200287,,1670200287,0,
20221204,1069555642.1670192803,,1670192803,0,2.79
20221204,1187458540.1670197850,,1670197850,0,
20221204,819789203.1670212060,,1670212060,0,
20221204,1363123191.1665461840,,1670205673,1,116.806
20221204,1187266720.1670148905,,1670155052,1,68.576
20221204,1187266720.1670148905,,1670148830,1,467.065
20221204,1288989983.1670166293,,1670166292,0,6.281
20221204,594384866.1670166898,,1670166898,0,3.064
20221204,1618439729.1670177718,,1670177718,1,9.905
20221204,599565782.1670193600,,1670193599,1,168.983
20221204,2031601.1662272810,,1670142884,1,56.059
20221204,2031601.1662272810,,1670192625,1,33.393
20221204,2031601.1662272810,,1670194935,1,14.987
20221204,2031601.1662272810,,1670207824,1,4.031
20221204,2031601.1662272810,,1670203994,1,6.437
20221204,925464188.1668051022,,1670207296,0,2.844
20221204,317303208.1650988456,,1670182002,1,16.44
20221204,1049128397.1669676457,,1670183136,0,
20221204,1608648711.1666637710,,1670198160,1,5.968
20221204,418137811.1669631050,,1670216994,0,
20221204,903243264.1670083231,,1670195327,0,
20221204,1373569407.1667770375,,1670216580,1,1.433
20221204,533557671.1668215526,,1670220514,1,15.429
20221203,1200088293.1670083408,,1670083407,0,
20221203,1295377765.1670055976,,1670055976,1,34.505
20221203,1295377765.1670055976,,1670057985,0,
20221203,2031601.1662272810,,1670118267,1,4.528
20221203,2031601.1662272810,,1670124655,1,9.635
20221203,2087186580.1669953104,,1670135437,1,34.063
20221203,813490593.1670080427,,1670080427,0,6.728
20221203,1628392972.1670122348,,1670122348,0,7.202
20221203,1606486105.1670088829,,1670088829,0,
20221203,2139379062.1670082362,,1670082362,1,21.596
20221203,1011045626.1670062866,,1670062866,1,
20221203,525142393.1670062757,,1670062756,0,
20221203,449207462.1670101676,,1670101675,0,1.378
20221203,2118627212.1670106015,,1670106014,0,2.945
20221203,1583525957.1670089254,,1670089253,1,50.312
20221203,1079274190.1670103500,,1670103500,0,3.963
20221203,1792202406.1670094789,,1670094789,1,28.583
20221203,1448230525.1670088628,,1670088627,1,49.93
20221203,1187116107.1670088721,,1670088720,1,11.737
20221203,672467800.1670103178,,1670103178,0,
20221203,2080015547.1670056195,,1670056194,1,11.629
20221203,1406377509.1670057268,,1670057268,1,18.202
20221203,951264234.1670074010,,1670074011,1,138.754
20221203,478529022.1670080435,,1670080435,0,
20221203,903243264.1670083231,,1670083230,1,16.892
20221203,903243264.1670083231,,1670100550,0,
20221203,1674943225.1670101125,,1670101125,1,148.159
20221203,363604574.1670089824,,1670089824,1,
20221203,287340867.1670098860,,1670098859,0,
20221203,204393558.1670100269,,1670100269,0,
20221203,229462397.1670022084,,1670106731,1,
20221203,1890043321.1670107162,,1670107161,1,4.211
20221203,2045739334.1670125198,,1670125197,1,79.551
20221203,344447041.1670129680,,1670129680,0,0.045
20221203,323271226.1670130978,,1670130977,0,
20221203,289931805.1670108465,,1670108464,0,
20221203,1104155985.1670120030,,1670120030,0,
20221203,391627779.1670080565,,1670080564,1,5.195
20221203,893907793.1668979688,,1670080579,0,0.018
20221203,1687316636.1670073963,,1670073962,0,
20221203,1777239439.1670073946,,1670073945,1,61.227
20221203,391627779.1670080565,,1670104769,0,
20221203,855538224.1669438165,,1670105046,0,
20221203,855538224.1669438165,,1670125043,0,1.069
20221203,1725901415.1670071755,,1670071755,0,
20221203,347597185.1670084348,,1670084348,1,249.786
20221203,399670066.1659384098,,1670103974,0,
20221203,399670066.1659384098,,1670094383,1,12.84
20221203,996867852.1669959738,,1670096129,0,2.717
20221203,1119435592.1670089501,,1670089501,0,3.365
20221203,97076685.1670089538,,1670089556,1,90.254
20221203,399670066.1659384098,,1670099762,0,
20221203,708661399.1660080672,,1670108302,1,30.519
20221203,456390247.1670116036,,1670116038,0,
20221203,1608648711.1666637710,,1670130222,1,62.141
20221203,808143870.1668816568,,1670111136,1,3.22
20221203,139423077.1670111169,,1670111169,1,32.567
20221202,718107061.1667004758,,,,
20221202,822225850.1669548964,,1669981288,1,145.929
20221202,1296307842.1670048156,,1670048156,0,0.037
20221202,2062776220.1670019534,,1670019534,0,
20221202,1546086662.1670018932,,1670018931,0,
20221202,108225286.1669976187,,1669976186,0,
20221202,821175351.1670018822,,1670018821,0,
20221202,2083873884.1669975773,,1669975772,0,1.709
20221202,1335321535.1669975783,,1669975782,0,6.972
20221202,1697447474.1670030708,,1670030708,0,
20221202,427908963.1670022982,,1670022982,1,8.446
20221202,2066498566.1670023083,,1670023082,0,
20221202,1597612282.1669975971,,1669975971,1,32.752
20221202,324877859.1669976091,,1669976090,0,7.964
20221202,1935147832.1670013078,,1670013078,0,3.967
20221202,1935147832.1670013078,,1670048252,1,160.625
20221202,643652873.1670048565,,1670048564,0,3.561
20221202,1346220790.1670049988,,1670049987,0,
20221202,310848126.1669989549,,1669989549,1,44.808
20221202,1968690107.1669999766,,1669999765,0,
20221202,2015894463.1668171233,,1669998478,0,
20221202,1900514895.1669984587,,1669984586,0,
20221202,1887625182.1670018125,,1670018125,1,43.184
20221202,882717884.1669989110,,1669989109,1,
20221202,718107061.1667004758,,1670032943,1,8.773
20221202,492356588.1666731700,,1670033021,0,
20221202,755462407.1670014582,,1670014582,1,22.517
20221202,346620799.1652318590,,1669999440,0,
20221202,855538224.1669438165,,1669999740,0,
20221202,1475385671.1670017516,,1670017515,1,51.097
20221202,636267358.1669991854,,1669991854,1,40.667
20221202,4635318.1669969526,,1669969526,0,0.038
20221202,1256424760.1669969535,,1669969534,0,2.828
20221202,493744636.1670008598,,1670008598,0,
20221202,1574268420.1670047545,,1670047545,0,
20221202,567507700.1670048111,,1670048111,0,1.784
20221202,929344866.1670048117,,1670048117,0,3.104
20221202,1001019030.1670022045,,1670022044,0,
20221202,229462397.1670022084,,1670022084,1,54.625
20221202,667572542.1670022935,,1670022934,0,
20221202,823791986.1670012914,,1670012914,0,
20221202,1614868640.1670004167,,1670004167,0,
20221202,1352174897.1670004174,,1670004174,1,10.078
20221202,1614868640.1670004167,,1670009486,0,1.964
20221202,1352174897.1670004174,,1670009495,0,8.187
20221202,1614868640.1670004167,,1670035644,0,
20221202,1352174897.1670004174,,1670035651,1,10.794
20221202,1614868640.1670004167,,1670046721,0,
20221202,1352174897.1670004174,,1670046726,0,
20221202,1824549718.1669970724,,1669970724,0,
20221202,1220109307.1670006700,,1670006700,1,
20221202,549942090.1670007538,,1670007538,1,25.169
20221202,1454131477.1670031366,,1670031366,0,
20221202,2064199157.1670013922,,1670013924,1,11.827
20221202,1422324832.1669069875,,1670013967,0,
20221202,39246267.1670045012,,1670045012,1,0.038
20221202,1667273206.1670046362,,1670046361,0,
20221202,1117482071.1669979717,,1669979716,0,
20221202,350132466.1669988163,,1669988163,1,27.852
20221202,1333717680.1669988171,,1669988171,1,7.836
20221202,2109522127.1667608730,,1670000508,0,
20221202,437091649.1670001045,,1670001044,1,3.803
20221202,350132466.1669988163,,1669992408,1,17.078
20221202,1333717680.1669988171,,1669992409,0,
20221202,1303035863.1669782814,,1670010737,0,6.013
20221202,1303035863.1669782814,,1670006739,1,9.353
20221202,1204838763.1670008073,,1670008073,1,11.558
20221202,1758691490.1670019064,,1670019063,0,4.382
20221202,1157075211.1670013045,,1670013045,1,24.707
20221202,1385354634.1670013837,,1670013837,1,28.325
20221202,1303035863.1669782814,,1670036841,1,62.277
20221202,377393869.1669144864,,1670029984,0,
20221202,532381032.1659384942,,1670030741,0,5.748
20221202,532381032.1659384942,,1670036169,1,3.584
20221201,417714690.1669643622,,,,
20221201,2109522127.1667608730,,,,
20221201,723066979.1667326098,,,,
20221201,1474123320.1669891282,,1669891282,0,
20221201,1098814770.1668896962,,1669935599,0,1.267
20221201,123920482.1669911356,,1669911355,0,
20221201,749198251.1669934174,,1669934173,0,
20221201,1984883617.1669916110,,1669916110,0,
20221201,1620607472.1669934535,,1669934534,0,
20221201,868257785.1669948457,,1669948456,0,
20221201,1744947016.1669948491,,1669948491,0,
20221201,26991564.1669805707,,1669882701,0,
20221201,1595272496.1668804733,,1669919147,1,90.438
20221201,562260274.1669919251,,1669919251,1,10.65
20221201,607940875.1669865589,,1669940045,0,
20221201,541069681.1669929502,,1669929502,1,106.718
20221201,584256394.1669939124,,1669939123,0,5.563
20221201,612131035.1669897277,,1669897276,0,
20221201,1574924833.1669890469,,1669890469,0,
20221201,1374122960.1669887576,,1669887575,0,
20221201,2145993372.1669956291,,1669956290,1,27.927
20221201,417714690.1669643622,,1669925261,1,5.249
20221201,2118104120.1669643644,,1669949791,0,
20221201,1072147337.1669910926,,1669910926,1,36.52
20221201,963475485.1669906951,,1669916983,1,10.006
20221201,963475485.1669906951,,1669906950,1,33.953
20221201,1610568247.1669888999,,1669888999,0,
20221201,346620799.1652318590,,1669917694,1,59.287
20221201,1132964582.1669934182,,1669934181,0,0.007
20221201,1001237412.1669934499,,1669934499,1,133.103
20221201,2108524942.1669934957,,1669934956,0,3.23
20221201,723066979.1667326098,,1669937128,1,37.269
20221201,110009966.1669937405,,1669937405,1,7.519
20221201,855538224.1669438165,,1669943547,0,
20221201,2056521034.1669949083,,1669949082,1,48.986
20221201,723066979.1667326098,,1669962588,0,9.878
20221201,602423971.1669935249,,1669935249,0,
20221201,143828806.1669959286,,1669959285,1,61.854
20221201,288649675.1669959298,,1669959298,0,4.219
20221201,682319835.1669910837,,1669910837,0,3.439
20221201,730052386.1669928026,,1669928026,0,
20221201,1847352148.1669937609,,1669937608,0,
20221201,1939767775.1669353958,,1669955972,0,
20221201,968090678.1669954917,,1669954916,1,11.18
20221201,1695367927.1669954719,,1669954718,1,81.231
20221201,655757427.1669954732,,1669954731,0,6.676
20221201,805880916.1669909798,,1669909798,0,
20221201,1536945493.1669954392,,1669954392,0,
20221201,2046653418.1669903121,,1669903121,0,
20221201,422522638.1669903618,,1669903617,1,8.958
20221201,2139427276.1669920337,,1669920337,0,5.114
20221201,2132622907.1669912052,,1669912052,1,2.131
20221201,700684075.1669920264,,1669920263,0,0.056
20221201,755763352.1669913258,,1669913257,0,
20221201,54171389.1669913716,,1669913716,0,
20221201,1906717664.1669924149,,1669924149,0,
20221201,1062098466.1669934057,,1669934056,0,1.232
20221201,160772693.1669946842,,1669946841,1,8.911
20221201,2091894772.1669950157,,1669950157,1,
20221201,1490903308.1669951046,,1669951046,1,20.33
20221201,84625794.1669951327,,1669951326,1,
20221201,1668217462.1669959866,,1669959866,0,
20221201,2145172544.1669959878,,1669959878,1,18.666
20221201,78298594.1669954901,,1669954900,1,19.702
20221201,597190122.1669945770,,1669945769,1,33.91
20221201,1985710155.1669954487,,1669954486,1,0.007
20221201,2087186580.1669953104,,1669953104,1,99.824
20221201,1153130391.1669953143,,1669953143,1,54.526
20221201,2086001923.1669895271,,1669895271,0,2.059
20221201,1012898285.1668453033,,1669909653,1,9.714
20221201,740766140.1669556871,,1669917575,0,
20221201,317303208.1650988456,,1669928309,0,
20221201,145636622.1668983430,,1669928809,0,
20221201,2109522127.1667608730,,1669923752,0,
20221201,317303208.1650988456,,1669924770,0,1.531
20221201,2109522127.1667608730,,1669937220,1,29.722
20221201,754062656.1667583207,,1669937341,0,
20221201,476208661.1669952279,,1669952279,1,30.076
20221201,754062656.1667583207,,1669953951,0,
20221201,2109522127.1667608730,,1669954431,0,
20221201,1443371055.1669957833,,1669957832,0,2.297
20221201,996867852.1669959738,,1669959737,0,
20221201,651162001.1669916271,,1669916272,0,0.02
20221201,1954500668.1669917888,,1669917888,0,
20221130,1297531131.1666020671,,1669862029,0,3.821
20221130,1297531131.1666020671,,1669869588,0,
20221130,1724879672.1669820316,,1669820316,1,50.027
20221130,1713168903.1669832941,,1669832941,0,
20221130,1334783065.1669796338,,1669796337,1,0.035
20221130,837539541.1668773209,,1669811087,1,73.622
20221130,755550379.1640503472,,1669832868,1,42.546
20221130,1125287733.1667578284,,1669875934,0,
20221130,1482114222.1668180950,,1669801062,1,10.902
20221130,850234770.1669742302,,1669796745,0,
20221130,1817214663.1669815682,,1669815682,0,7.592
20221130,345357457.1656320765,,1669839363,0,
20221130,26991564.1669805707,,1669805706,1,6.791
20221130,2088049210.1669815602,,1669824283,0,
20221130,2088049210.1669815602,,1669815602,1,26.548
20221130,852619940.1669843552,,1669843552,0,
20221130,2136826360.1669843636,,1669843636,0,2.694
20221130,1598848547.1669575113,,1669841539,0,
20221130,607940875.1669865589,,1669865588,1,161.047
20221130,144375490.1669865595,,1669865595,0,4.479
20221130,521103862.1669736904,,1669792057,0,
20221130,101249563.1669792874,,1669792874,0,
20221130,25675312.1669805446,,1669805446,1,17.299
20221130,827578951.1669819602,,1669819602,0,9.026
20221130,1474890948.1641970279,,1669818272,0,1.576
20221130,668485107.1669793475,,1669793475,0,
20221130,1249816092.1669823939,,1669823939,0,1.759
20221130,1198307859.1669823958,,1669823958,1,17.658
20221130,770032026.1669827590,,1669827589,0,2.226
20221130,532789965.1669827614,,1669827614,0,
20221130,352164354.1669831540,,1669831540,0,
20221130,722298245.1669841136,,1669841136,1,54.085
20221130,818927626.1669194523,,1669793128,0,
20221130,1292896596.1669850672,,1669850672,1,14.972
20221130,36279890.1669850722,,1669850722,0,
20221130,1649479176.1669809685,,1669809684,0,
20221130,1430202770.1669755570,,1669814578,0,
20221130,346620799.1652318590,,1669840284,1,23.27
20221130,1133454343.1669796058,,1669796057,0,
20221130,888525708.1669824861,,1669824861,0,
20221130,888525708.1669824861,,1669833076,0,
20221130,855538224.1669438165,,1669847985,0,
20221130,695792783.1669822013,,1669822013,1,38.896
20221130,1067842120.1669844085,,1669844084,0,3.928
20221130,2109522127.1667608730,,1669847660,1,9.326
20221130,1479840617.1669851350,,1669851350,1,816.963
20221130,596824101.1669852060,,1669852059,1,9.15
20221130,665795725.1668056676,,1669834879,0,
20221130,1812555550.1668999771,,1669834302,0,
20221130,242768009.1668896220,,1669834886,0,
20221130,1303035863.1669782814,,1669851348,1,
20221130,2010125728.1652136260,,1669865550,0,5.926
20221130,1521130810.1648689026,,1669871516,1,7.207
20221130,596824101.1669852060,,1669860795,1,131.662
20221130,706048232.1669860951,,1669860950,1,34.272
20221130,2079909891.1669575047,,1669873703,1,30.674
20221130,1521130810.1648689026,,1669874688,0,
20221130,408637326.1669804693,,1669804693,1,36.406
20221130,1754444672.1669793308,,1669793308,1,
20221130,1644600639.1664766071,,1669827194,0,
20221130,630206659.1669822846,,1669822846,0,
20221130,655032905.1669845341,,1669845341,1,24.324
20221130,13029025.1669845425,,1669845424,0,
20221130,1599748758.1669846389,,1669846388,0,
20221130,386039819.1669847229,,1669847228,0,6.539
20221130,286466979.1669841855,,1669841855,1,9.714
20221130,480280047.1669842199,,1669842198,0,
20221130,782465750.1669853543,,1669853543,0,
20221130,958307437.1668819733,,1669847061,1,53.106
20221130,1555772584.1669862984,,1669862984,1,64.969
20221130,1435230847.1669859462,,1669859461,1,5.546
20221130,1972562027.1669862377,,1669862377,0,
20221130,905975528.1669864843,,1669864842,0,
20221130,138813083.1669855833,,1669855833,0,1.222
20221130,1266626695.1669859956,,1669859956,0,
20221130,141031115.1669862499,,1669862498,1,14.933
20221130,1414976700.1669862546,,1669862546,0,6.999
20221130,1008954950.1669862972,,1669862972,1,2.347
20221130,896574568.1669873870,,1669873869,0,
20221130,1031826423.1669875693,,1669875693,1,55.287
20221130,1088761782.1669875728,,1669875727,0,4.39
20221130,1394084218.1669864831,,1669864831,1,147.67
20221130,626493960.1669865100,,1669865099,0,
20221130,1218081494.1669844533,,1669844533,0,1.426
20221130,1154295577.1669868996,,1669868995,0,4.337
20221130,942248647.1669846485,,1669846485,0,
20221130,2101803356.1669829203,,1669829203,1,31.883
20221130,2140782033.1669829226,,1669829225,1,8.142
20221130,1008554007.1669829554,,1669829553,0,
20221130,725459653.1669849594,,1669849594,0,1.488
20221130,16024500.1669849600,,1669849599,1,12.647
20221130,51712663.1669829263,,1669829263,1,40.111
20221130,1773380139.1669829302,,1669829301,0,4.404
20221130,51712663.1669829263,,1669831221,0,
20221130,1451593425.1669833454,,1669833453,0,
20221130,655032905.1669845341,Coaching with Brenda,,,
20221130,1292896596.1669850672,Coaching with Brenda,,,
20221130,1479840617.1669851350,Traffic to Income™ Application interview,,,
20221130,596824101.1669852060,Traffic to Income™ Application interview,,,
20221130,141031115.1669862499,Coaching with Brenda,,,
20221129,1001053630.1669753222,,1669753222,1,77.351
20221129,413177917.1669772116,,1669772115,0,
20221129,332495869.1669762278,,1669762277,1,149.862
20221129,339523705.1669745763,,1669745762,1,9.993
20221129,2031352290.1669678066,,1669728255,1,80.637
20221129,364014346.1669742599,,1669742599,0,
20221129,151138950.1669756827,,1669756828,1,20.164
20221129,1808186108.1669753875,,1669753875,0,
20221129,1497439514.1669745062,,1669745062,1,8.64
20221129,198498700.1669741887,,1669741887,1,13.943
20221129,2059781960.1669685328,,1669748490,0,1.529
20221129,345357457.1656320765,,1669718900,1,4.428
20221129,1557952509.1669705137,,1669705140,1,46.711
20221129,837539541.1668773209,,1669708457,0,
20221129,850234770.1669742302,,1669742303,0,8.128
20221129,199944992.1669316249,,1669753155,0,
20221129,182335649.1669757370,,1669757371,1,29.214
20221129,1937417551.1669769364,,1669769364,1,26.269
20221129,1937417551.1669769364,,1669772502,0,9.51
20221129,1482114222.1668180950,,1669790463,1,10.005
20221129,2034095489.1669790480,,1669790480,1,15.513
20221129,933951808.1668739368,,1669773220,0,0.054
20221129,1052998309.1669740896,,1669740895,1,1.537
20221129,1430202770.1669755570,,1669755570,1,31.091
20221129,133212688.1669731126,,1669731126,0,
20221129,1455365006.1669731933,,1669731933,0,
20221129,2052089913.1669755732,,1669755732,0,3.093
20221129,713406749.1669755751,,1669755751,1,25.336
20221129,30450506.1669785184,,1669785183,1,28.648
20221129,1572372550.1669738203,,1669738202,0,
20221129,512996049.1669784605,,1669784605,0,
20221129,1789629904.1669722251,,1669722251,0,
20221129,684491493.1669716507,,1669716506,1,91.189
20221129,1437366348.1669741034,,1669741034,1,0.038
20221129,887831405.1669739167,,1669739166,1,5.585
20221129,1086767204.1669769146,,1669769146,0,
20221129,268808590.1669786249,,1669786249,0,0.05
20221129,329219792.1669785272,,1669785272,0,
20221129,246542377.1669781291,,1669781290,0,
20221129,1264251599.1669738719,,1669738718,1,26.967
20221129,1084980863.1669757529,,1669757528,1,12.799
20221129,1084980863.1669757529,,1669762791,0,
20221129,1845928594.1669715128,,1669715128,0,0.062
20221129,1673246693.1669743594,,1669743593,0,
20221129,521103862.1669736904,,1669736904,1,
20221129,345319476.1669778460,,1669778460,0,7.071
20221129,622889126.1669742641,,1669742641,0,
20221129,162536239.1668708346,,1669752673,0,1.163
20221129,900037923.1669755889,,1669755889,0,
20221129,83945781.1669761369,,1669761369,1,40.853
20221129,60914593.1669768323,,1669768322,1,31.986
20221129,1255236061.1669783716,,1669783715,0,1.104
20221129,1200776407.1669651569,,1669764612,0,
20221129,1271120092.1669727694,,1669727694,0,
20221129,1271120092.1669727694,,1669732874,0,
20221129,818927626.1669194523,,1669765734,0,
20221129,818927626.1669194523,,1669768863,1,165.374
20221129,352119230.1669134400,,1669757160,1,15.426
20221129,677266733.1669779783,,1669782231,0,3.276
20221129,677266733.1669779783,,1669779783,1,51.813
20221129,1867734791.1669744155,,1669744155,1,46.406
20221129,117837492.1669768090,,1669768089,1,15.413
20221129,2015715138.1669504409,,1669768110,0,3.225
20221129,376876953.1668802326,,1669723581,1,97.359
20221129,280912671.1669051253,,1669728877,0,4.406
20221129,416772016.1669742428,,1669742428,0,9.877
20221129,1419353023.1669132637,,1669742427,0,
20221129,1049128397.1669676457,,1669745240,0,
20221129,708661399.1660080672,,1669742452,1,17.75
20221129,1608648711.1666637710,,1669735684,1,41.877
20221129,2140751163.1669177659,,1669740555,1,65.293
20221129,376876953.1668802326,,1669742810,1,13.216
20221129,808829615.1667234427,,1669743084,0,1.977
20221129,423840286.1669754552,,1669754552,0,5.286
20221129,267314288.1668564232,,1669763891,1,6.855
20221129,1230687608.1669501427,,1669767207,0,
20221129,1371689807.1669686442,,1669767553,1,98.13
20221129,1303035863.1669782814,,1669782814,1,321.611
20221129,1824614119.1669759208,,1669759208,0,
20221129,1385095850.1669759212,,1669759211,0,
20221129,1165760385.1669759217,,1669759216,0,
20221129,1118993115.1669759214,,1669759213,0,
20221128,417714690.1669643622,Coaching Call,,,
20221128,662447679.1669660762,Coaching Call,,,
20221128,undefined,Coaching Call,,,
20221128,861226428.1669687915,Coaching Call,,,
20221128,1115898988.1669554392,,1669624076,1,109.658
20221128,159115789.1669667234,,1669667234,0,
20221128,2038027294.1669666388,,1669666387,0,
20221128,137387640.1669669895,,1669669895,0,
20221128,897881291.1669669157,,1669669156,0,
20221128,1822736249.1669666134,,1669666134,0,
20221128,394078160.1669664706,,1669664706,1,5.077
20221128,404457531.1669664732,,1669664731,1,37.738
20221128,1593916948.1669661248,,1669661247,0,
20221128,846778560.1669664791,,1669664790,0,4.511
20221128,907195672.1669668069,,1669668068,0,
20221128,953328259.1669669134,,1669669134,0,5.304
20221128,516951725.1669664311,,1669664311,1,6.141
20221128,1338250698.1669664327,,1669664327,0,2.425
20221128,89480793.1669663091,,1669663091,0,0.036
20221128,1915974640.1669652380,,1669652380,0,
20221128,2039532618.1667946091,,1669665026,0,
20221128,192408676.1669663199,,1669663198,0,
20221128,1501430985.1669669437,,1669669436,0,
20221128,380290297.1669662789,,1669662789,0,
20221128,1920492602.1669667926,,1669667925,0,
20221128,1500510564.1665519044,,1669668304,1,2.046
20221128,1811959468.1669496410,,1669665679,0,
20221128,1150911136.1669666725,,1669666724,0,
20221128,881703993.1669649957,,1669649957,0,1.56
20221128,399599203.1669663011,,1669663010,0,
20221128,708573416.1669667784,,1669667783,0,
20221128,1752353013.1669670550,,1669670550,0,1.017
20221128,1329036847.1669680578,,1669680577,1,17.262
20221128,1247765252.1669680613,,1669680612,0,6.222
20221128,1286004500.1669681571,,1669681570,0,
20221128,861226428.1669687915,,1669687915,1,26.669
20221128,1704848210.1669687982,,1669687982,0,4.645
20221128,75916029.1669688526,,1669688526,0,1.504
20221128,1375897522.1669700916,,1669700915,1,9.73
20221128,486826923.1669701748,,1669701747,1,30.513
20221128,615667501.1669701803,,1669701802,0,
20221128,354532980.1669138283,,1669628656,1,54.081
20221128,593915080.1668680045,,1669634038,1,13.307
20221128,189627872.1669144257,,1669634104,0,6.769
20221128,593915080.1668680045,,1669669329,1,9.114
20221128,1861828885.1669133137,,1669668506,1,146.863
20221128,418137811.1669631050,,1669631050,0,
20221128,872123672.1662915915,,1669667647,1,
20221128,872123672.1662915915,,1669662294,1,
20221128,1899274886.1669577293,,1669670703,1,6.966
20221128,293693909.1669652970,,1669652969,0,
20221128,258883832.1669682056,,1669682056,1,0.063
20221128,1597288599.1669664572,,1669664572,0,3.274
20221128,1976264821.1669660568,,1669660567,1,26.514
20221128,1432264293.1669691690,,1669691690,0,1.066
20221128,1398900335.1669676392,,1669676391,0,
20221128,1152675833.1669662081,,1669662081,0,
20221128,1904700304.1669629455,,1669629454,0,
20221128,1482863680.1669650916,,1669650915,0,4.291
20221128,1500078593.1669663033,,1669663033,1,25.499
20221128,1842162662.1669661167,,1669661167,1,74.819
20221128,79876839.1669679942,,1669679942,0,
20221128,1027837784.1669688154,,1669688153,1,159.935
20221128,1983901842.1669671372,,1669671372,0,
20221128,2031352290.1669678066,,1669678066,1,95.333
20221128,1671258518.1669691280,,1669691280,1,9.659
20221128,924717417.1669692540,,1669692540,0,
20221128,1918207966.1669699194,,1669699193,0,
20221128,1200776407.1669651569,,1669651569,0,3.367
20221128,1800302790.1669648300,,1669648299,1,157.09
20221128,417714690.1669643622,,1669643621,1,5.488
20221128,2118104120.1669643644,,1669643643,0,
20221128,1881375476.1669685573,,1669685572,1,3.159
20221128,1337653568.1664521736,,1669647360,1,
20221128,966952768.1669649148,,1669649148,1,4.196
20221128,350999279.1669663859,,1669663859,1,7.814
20221128,1409724392.1669664918,,1669664918,1,9.268
20221128,1337653568.1664521736,,1669667285,1,12.644
20221128,1920609678.1669128322,,1669648953,1,195.353
20221128,243239272.1669668827,,1669668827,1,91.881
20221128,887542750.1669672927,,1669672927,1,15.1
20221128,1557952509.1669705137,,1669705140,0,
20221128,532381032.1659384942,,1669641726,0,9.734
20221128,611729872.1668006187,,1669646575,1,6.6
20221128,26452164.1664398690,,1669648432,1,7.572
20221128,892256433.1654529643,,1669668565,1,10.223
20221128,871362433.1664975489,,1669669350,1,18.891
20221128,611729872.1668006187,,1669649358,1,33.402
20221128,662447679.1669660762,,1669660762,1,7.467
20221128,1310555120.1669660786,,1669660785,0,1.685
20221128,67553932.1667855991,,1669670237,0,1.606
20221128,2010125728.1652136260,,1669680103,0,1.607
20221128,748279228.1668999780,,1669686111,0,2.923
20221128,1812555550.1668999771,,1669686123,1,2.493
20221128,1371689807.1669686442,,1669686441,0,7.181
20221128,1296462186.1665866920,,1669674150,0,
20221128,1049128397.1669676457,,1669676457,1,6.333
20221128,898360715.1669666816,,1669666818,1,16.887
20221128,1813337672.1669663565,,1669663564,0,
20221128,1367897252.1667591505,,1669653016,1,17.574
20221128,1725264126.1669671108,,1669671108,1,1.035
20221128,623820231.1669655933,,1669655932,0,
20221128,623820231.1669655933,,1669668465,0,6.188
20221128,1437209611.1669665265,,1669665264,0,
20221128,1310950114.1669663427,,1669663427,1,1.574
20221128,1948835664.1669663743,,1669663742,0,1.094
20221128,2059781960.1669685328,,1669685327,0,1.004
20221128,649452924.1669670007,,1669670006,1,0.035
20221128,1348631317.1669674485,,1669674485,1,16.085
20221128,341722587.1637716446,,1669685587,0,
20221128,1028239818.1669690228,,1669690227,0,1.222
20221128,1028239818.1669690228,,1669694025,1,22.353
20221128,1377389695.1669694040,,1669694039,0,6.372
20221127,1716895698.1658785659,Coaching Call,,,
20221127,1115898988.1669554392,,1669554391,1,89.984
20221127,1448454055.1669554452,,1669554452,1,23.801
20221127,1162985008.1669573557,,1669573557,1,8.014
20221127,726288105.1669573601,,1669573600,0,
20221127,309597120.1669573602,,1669573602,0,
20221127,796408284.1669573614,,1669573614,0,5.054
20221127,1579901551.1669573690,,1669573690,1,8.049
20221127,2051654103.1669608019,,1669608019,1,127.503
20221127,1437334307.1669608524,,1669608523,0,
20221127,95304802.1669432527,,1669574994,0,
20221127,1337653568.1664521736,,1669579189,1,8.367
20221127,1932879658.1666808673,,1669583561,0,0.029
20221127,122957262.1669607577,,1669607576,1,16.874
20221127,1924161129.1669549455,,1669549455,1,46.226
20221127,1032718614.1669549466,,1669549466,1,14.389
20221127,418828306.1669059932,,1669577739,1,1.638
20221127,403291517.1669577815,,1669577815,1,318.346
20221127,1482114222.1668180950,,1669539308,1,48.935
20221127,1146948174.1669041917,,1669548290,0,
20221127,1160789584.1669477603,,1669570545,0,1.55
20221127,1160789584.1669477603,,1669577165,1,26.544
20221127,555959134.1669588256,,1669588256,1,14.007
20221127,636771627.1669588596,,1669588595,1,12.189
20221127,1988274830.1669534760,,1669534762,1,9.642
20221127,587529904.1669535776,,1669535777,1,7.455
20221127,1506337762.1669537888,,1669537888,1,17.386
20221127,1051902202.1669594366,,1669594366,1,59.417
20221127,2031601.1662272810,,1669594262,1,73.901
20221127,2031601.1662272810,,1669600902,0,1.283
20221127,358817967.1661148582,,1669538460,1,25.786
20221127,358817967.1661148582,,1669547954,1,9.576
20221127,1300358281.1669146378,,1669557630,0,
20221127,1571651403.1669546667,,1669546667,0,
20221127,822225850.1669548964,,1669548963,1,32.191
20221127,886255617.1669547165,,1669547165,0,
20221127,1692480303.1669556103,,1669556103,0,
20221127,110866311.1669556183,,1669556183,0,0.046
20221127,765851246.1669555389,,1669555389,0,1.235
20221127,1813332468.1669558445,,1669558445,0,
20221127,1239861794.1669563288,,1669563287,0,
20221127,1428769388.1669249569,,1669566667,0,6.264
20221127,1606891174.1669267687,,1669568733,1,23.817
20221127,1193079659.1669574604,,1669574604,0,
20221127,1190844271.1669586945,,1669586944,0,
20221127,485793114.1669588040,,1669588039,0,
20221127,704465927.1669588891,,1669588890,0,
20221127,1428762747.1669593611,,1669593611,1,25.876
20221127,1120743118.1669595666,,1669595665,1,47.131
20221127,46576226.1669601843,,1669601843,1,36.515
20221127,1913584598.1669604557,,1669604556,0,
20221127,1871997858.1669608186,,1669608185,0,
20221127,133851965.1669556855,,1669556855,0,
20221127,1365893883.1667566340,,1669556862,0,
20221127,1716895698.1658785659,,1669560858,1,70.59
20221127,1992769091.1669560949,,1669560948,0,5.638
20221127,17787749.1669560994,,1669560997,0,
20221127,1481093698.1669582869,,1669582869,1,61.091
20221127,389552959.1669598892,,1669598891,1,5.062
20221127,72722244.1669602464,,1669602464,1,19.032
20221127,883799345.1669502527,,1669562919,1,17.552
20221127,1718279200.1669562963,,1669562963,1,22.981
20221127,740766140.1669556871,,1669556871,1,15.02
20221127,2079909891.1669575047,,1669575080,1,11.755
20221127,808829615.1667234427,,1669575168,0,1.186
20221127,1836549011.1669585989,,1669585988,1,77.67
20221127,1243710927.1669590019,,1669590018,0,
20221127,1823589551.1668825835,,1669602126,0,
20221127,685408585.1669566823,,1669566823,0,
20221127,260402564.1669567256,,1669567255,1,71.259
20221127,1598848547.1669575113,,1669575113,1,66.256
20221127,1899274886.1669577293,,1669577293,1,16.449
20221127,1647680493.1669577308,,1669577307,1,36.782
20221126,76427404.1669517516,Coaching Call,,,
20221126,477309562.1669466321,,1669466320,1,28.367
20221126,1160789584.1669477603,,1669477602,1,79.227
20221126,1920420141.1669486447,,1669486450,1,7.198
20221126,1230687608.1669501427,,1669501428,1,25.15
20221126,1669120821.1669501448,,1669501447,1,35.784
20221126,378258138.1669470238,,1669470237,0,
20221126,1481611179.1669474865,,1669474864,1,14.494
20221126,19975079.1669476113,,1669476112,0,
20221126,97539411.1669469104,,1669469103,1,43.411
20221126,232492474.1669461435,,1669461434,0,
20221126,723598560.1669478757,,1669478757,0,
20221126,846658927.1669489693,,1669489692,0,0.037
20221126,1053839758.1669482628,,1669482628,1,
20221126,312944630.1669483177,,1669483177,0,0.047
20221126,1161952999.1669480105,,1669480105,0,1.258
20221126,1138776474.1669505507,,1669505506,0,
20221126,497755579.1669500781,,1669500781,0,
20221126,1617173967.1669505610,,1669505609,1,26.681
20221126,998765088.1669496767,,1669496766,1,41.036
20221126,220902449.1669503305,,1669503305,0,
20221126,1703091881.1669506192,,1669506192,0,
20221126,118063573.1669512492,,1669512492,0,0.039
20221126,1995474854.1669500618,,1669500617,1,261.895
20221126,76427404.1669517516,,1669517516,1,20.928
20221126,776884586.1669517619,,1669517618,0,
20221126,302959981.1669522044,,1669522043,0,
20221126,1792664734.1669526932,,1669526932,1,21.454
20221126,637380307.1669454003,,1669454003,0,
20221126,457519183.1669488223,,1669488223,1,65.185
20221126,1811959468.1669496410,,1669496410,1,129.797
20221126,1895270321.1669496421,,1669496420,1,6.958
20221126,883799345.1669502527,,1669502527,1,27.757
20221126,406151607.1669497574,,1669497574,1,54.735
20221126,828358687.1669497731,,1669497730,1,15.643
20221126,618959705.1669522414,,1669522414,1,2.755
20221126,1373805721.1669524336,,1669524335,0,1.432
20221126,1030434149.1669524392,,1669524392,1,11.293
20221126,855538224.1669438165,,1669473880,0,
20221126,855538224.1669438165,,1669491353,1,3.847
20221126,611729872.1668006187,,1669451829,1,11.844
20221126,593915080.1668680045,,1669483944,0,
20221126,503941381.1666218190,,1669510492,0,
20221126,708661399.1660080672,,1669509502,1,45.859
20221126,708661399.1660080672,,1669513134,0,
20221126,503941381.1666218190,,1669513152,0,
20221126,708661399.1660080672,,1669506425,1,45.697
20221126,503941381.1666218190,,1669508530,0,2.828
20221126,503941381.1666218190,,1669522450,0,
20221126,295332092.1669429391,,1669467804,0,
20221126,295332092.1669429391,,1669507970,0,
20221126,365032134.1668849788,,1669477089,1,28.287
20221126,365032134.1668849788,,1669487453,0,
20221126,1482114222.1668180950,,1669479091,1,13.841
20221126,1337653568.1664521736,,1669492728,1,10.014
20221126,1337653568.1664521736,,1669505606,0,
20221126,883799345.1669502527,,1669523095,1,35.238
20221126,216372269.1652182140,,1669492521,1,130.573
20221126,216372269.1652182140,,1669496824,0,
20221126,267314288.1668564232,,1669491900,0,
20221126,267314288.1668564232,,1669510494,0,2.755
20221126,820633351.1669426690,,1669508928,1,4.775
20221126,1428769388.1669249569,,1669504244,1,28.148
20221126,1428769388.1669249569,,1669502106,1,78.78
20221125,816561507.1669380998,,1669380998,0,
20221125,1404553790.1669382400,,1669382400,0,
20221125,403541588.1669363491,,1669363490,0,0.043
20221125,1402574678.1669404833,,1669404832,0,
20221125,1839252296.1669413694,,1669413693,0,
20221125,1033771763.1669419149,,1669419149,0,
20221125,1158449724.1669429349,,1669429349,1,
20221125,429224345.1669408866,,1669408865,0,
20221125,790733560.1669441445,,1669441444,0,
20221125,959974262.1669441954,,1669441953,0,
20221125,214823022.1669388917,,1669388917,1,95.317
20221125,424313869.1669310422,,1669365925,0,
20221125,593915080.1668680045,,1669403653,1,51.832
20221125,872123672.1662915915,,1669399479,1,4.609
20221125,295332092.1669429391,,1669429390,0,
20221125,220758262.1669412398,,1669412398,0,
20221125,728638352.1669409791,,1669409791,1,9.309
20221125,1775335655.1669409892,,1669409891,0,
20221125,1698987252.1669410371,,1669410370,1,12.13
20221125,1188745697.1669421376,,1669421376,1,35.337
20221125,2009577678.1669445783,,1669445783,1,56.348
20221125,1823589551.1668825835,,1669395151,1,23.134
20221125,798657065.1669429586,,1669429585,1,3.957
20221125,1279814342.1669430131,,1669430131,0,0.009
20221125,798657065.1669429586,,1669432963,0,
20221125,1279814342.1669430131,,1669437121,0,
20221125,798657065.1669429586,,1669437120,1,89.059
20221125,577321319.1669390657,,1669390656,0,7.72
20221125,1365758716.1669393116,,1669393116,0,
20221125,758797953.1669363464,,1669363463,0,
20221125,128635495.1669406723,,1669406723,0,
20221125,1445655237.1669380054,,1669380054,0,
20221125,748040416.1669365772,,1669365771,0,
20221125,1450287675.1669401090,,1669401090,0,
20221125,1723099692.1669397933,,1669397933,0,
20221125,1256573390.1669412215,,1669412214,1,72.101
20221125,1417743498.1669410479,,1669410478,0,0.036
20221125,426918562.1669420235,,1669420235,0,
20221125,2051243446.1669413252,,1669413251,1,
20221125,2093179394.1669433775,,1669433774,1,69.237
20221125,1400652512.1669434864,,1669434863,1,27.428
20221125,442386719.1669434938,,1669434937,1,9.927
20221125,505444475.1669437682,,1669437681,1,26.722
20221125,1853626135.1669443429,,1669443430,0,
20221125,1956779238.1669384777,,1669384777,1,30.295
20221125,1174977040.1669420220,,1669420219,0,
20221125,603623391.1669399734,,1669399733,1,26.624
20221125,1699352077.1669399773,,1669399773,1,10.759
20221125,95304802.1669432527,,1669432527,1,5.858
20221125,95304802.1669432527,,1669439134,0,
20221125,345357457.1656320765,,1669371036,0,
20221125,2084017228.1663607384,,1669401013,0,
20221125,1337653568.1664521736,,1669427145,1,12.008
20221125,855538224.1669438165,,1669438165,1,60.88
20221125,855538224.1669438165,,1669440468,1,8.057
20221125,855538224.1669438165,,1669443799,0,
20221125,611729872.1668006187,,1669383093,0,
20221125,1418865652.1669007389,,1669366275,0,6.344
20221125,1383712924.1667737646,,1669368414,1,9.547
20221125,808829615.1667234427,,1669402830,0,1.313
20221125,820633351.1669426690,,1669426689,0,
20221125,1338750244.1669390639,,1669390639,1,18.468
20221125,14367079.1659071796,,1669426487,0,
20221125,290794587.1669431089,,1669431088,0,0.016
20221124,1938315878.1669188669,Traffic to Income™ Application interview,,,
20221124,639847758.1669348610,,1669348610,1,37.601
20221124,441077906.1669317554,,1669317554,0,
20221124,1072606940.1669328576,,1669328576,1,24.727
20221124,693176211.1669321355,,1669321355,1,2.046
20221124,1098134051.1669321325,,1669321324,1,
20221124,2104943981.1669345476,,1669345475,1,106.376
20221124,693176211.1669321355,,1669333971,0,
20221124,1264836619.1669323576,,1669323576,0,
20221124,1634016258.1669356287,,1669356286,1,17.143
20221124,665795725.1668056676,,1669345731,1,
20221124,1425892521.1667506128,,1669330231,0,
20221124,190741617.1669332105,,1669332104,0,2.085
20221124,1021925360.1664526084,,1669323409,0,
20221124,555544656.1669282406,,1669282406,0,
20221124,1594473546.1669282446,,1669282445,0,
20221124,544396180.1669342576,,1669342575,0,7.608
20221124,933951808.1668739368,,1669328295,0,0.008
20221124,1356496512.1669325659,,1669325659,1,130.816
20221124,1026178708.1669344902,,1669344901,1,5.368
20221124,1429952810.1669275368,,1669275377,0,
20221124,1722984719.1669320038,,1669320039,0,2.458
20221124,1429952810.1669275368,,1669320085,1,57.892
20221124,1234038929.1669357721,,1669357720,0,
20221124,588727809.1669305137,,1669305136,0,2.102
20221124,1925811960.1669290462,,1669290461,0,
20221124,1621578712.1669296146,,1669296146,0,7.63
20221124,246888393.1669319638,,1669319638,0,7.602
20221124,1044935416.1669356009,,1669356009,0,
20221124,467479250.1669340619,,1669340619,0,0.041
20221124,829677997.1669340809,,1669340809,1,
20221124,363246763.1669341144,,1669341144,0,
20221124,1802375237.1669302314,,1669302314,0,
20221124,1847174146.1669314603,,1669314603,1,13.362
20221124,1803402815.1669296955,,1669296954,0,
20221124,1495929308.1667434751,,1669334276,0,
20221124,940794508.1666664470,,1669277630,0,
20221124,199944992.1669316249,,1669316249,1,31.696
20221124,870255834.1669316293,,1669316292,1,26.025
20221124,2084017228.1663607384,,1669336041,0,
20221124,1256940341.1668838021,,1669279558,1,35.181
20221124,1256940341.1668838021,,1669276148,1,54.25
20221124,1939767775.1669353958,,1669353958,0,
20221124,675316458.1669286712,,1669286712,1,
20221124,13275994.1669289134,,1669289133,0,
20221124,1475674236.1669336012,,1669336012,0,
20221124,296891253.1669324142,,1669324144,1,7.167
20221124,341401731.1669324165,,1669324164,0,
20221124,1571942522.1669301716,,1669301715,0,
20221124,1026352088.1666717528,,1669309182,0,
20221124,708661399.1660080672,,1669343088,1,4.508
20221124,708661399.1660080672,,1669335320,0,
20221124,708661399.1660080672,,1669349229,1,228.052
20221124,611729872.1668006187,,1669352832,1,14.254
20221124,1077452056.1669188552,,1669276099,1,84.851
20221124,729185783.1669244506,,1669289765,1,26.517
20221124,1938315878.1669188669,,1669276120,1,519.941
20221124,2116635913.1669317767,,1669317767,1,31.427
20221124,424313869.1669310422,,1669310422,0,
20221124,1264404758.1669310124,,1669310124,0,
20221124,424313869.1669310422,,1669356920,0,
20221123,2003441895.1669191146,Traffic to Income™ Application interview,,,
20221123,342752854.1669230545,,1669230544,0,6.25
20221123,14367079.1659071796,,1669257203,1,320.555
20221123,1077452056.1669188552,,1669188551,1,56.475
20221123,1938315878.1669188669,,1669188668,1,43.055
20221123,236867245.1669211803,,1669211803,0,
20221123,236867245.1669211803,,1669219502,0,
20221123,544862914.1669241771,,1669241770,0,7.596
20221123,729185783.1669244506,,1669244506,1,26.703
20221123,480922669.1669244128,,1669244128,1,6.768
20221123,484693143.1669226399,,1669226398,0,7.618
20221123,1532578904.1665953922,,1669259956,1,27.417
20221123,1912861015.1669190780,,1669190780,0,
20221123,1340052293.1669194101,,1669194101,1,19.206
20221123,818927626.1669194523,,1669194522,1,145.103
20221123,684415757.1669216120,,1669216120,1,10.866
20221123,821135314.1669217192,,1669217192,1,14.592
20221123,1026352088.1666717528,,1669223707,1,8.389
20221123,684415757.1669216120,,1669225270,0,
20221123,1951975247.1667507048,,1669235386,0,7.135
20221123,377399518.1669246305,,1669246306,1,37.817
20221123,584825017.1669272502,,1669272502,1,19.529
20221123,1372905234.1669204640,,1669204640,1,134.361
20221123,2030182721.1669186931,,1669186931,0,1.004
20221123,687191992.1669190573,,1669190572,1,9.8
20221123,148103908.1669190729,,1669190729,1,36.579
20221123,2003441895.1669191146,,1669191145,1,143.447
20221123,2003441895.1669191146,,1669194613,0,2.521
20221123,868297256.1669194622,,1669194622,0,
20221123,449975280.1669213684,,1669213684,1,28.362
20221123,1777107297.1669206906,,1669206906,0,
20221123,368822247.1669224736,,1669224736,0,
20221123,2054387561.1669217357,,1669217356,0,
20221123,12999561.1669205542,,1669205541,0,2.398
20221123,552273158.1669218688,,1669218687,0,
20221123,2048889027.1669218953,,1669218953,1,14.716
20221123,11168896.1669218968,,1669218968,1,29.198
20221123,1593118915.1669227555,,1669227555,0,
20221123,63281167.1669231662,,1669231661,1,30.077
20221123,1705804861.1669228886,,1669228886,1,32.578
20221123,220647029.1669230198,,1669230198,1,1.91
20221123,40050197.1669231558,,1669231557,1,35.399
20221123,26800195.1669229487,,1669229486,0,
20221123,1286492591.1669241248,,1669241247,0,
20221123,1237955798.1669234454,,1669234454,1,23.883
20221123,1203000716.1669235922,,1669235922,0,
20221123,1722721728.1669239515,,1669239514,0,
20221123,2009003733.1669241396,,1669241396,1,60.694
20221123,8226956.1669262855,,1669262855,0,
20221123,564544945.1669249425,,1669249425,0,
20221123,1833552270.1669249481,,1669249481,1,22.877
20221123,1428769388.1669249569,,1669249569,1,222.122
20221123,928861554.1669266806,,1669266805,1,32.619
20221123,1606891174.1669267687,,1669267686,0,
20221123,1361727035.1669269555,,1669269555,1,49.406
20221123,69996234.1667115177,,1669216508,0,
20221123,828339695.1669211062,,1669211061,0,
20221123,99852983.1669246585,,1669246585,1,49.276
20221123,1010327419.1669207298,,1669207298,0,0.135
20221123,816888258.1669192227,,1669192227,1,20.846
20221123,1249904055.1669248019,,1669248019,1,25.078
20221123,1787217380.1669247630,,1669247629,0,
20221123,1201017723.1669216041,,1669216041,0,
20221123,1700584324.1669242114,,1669242114,0,
20221123,2028256809.1669189887,,1669189887,0,
20221123,197476204.1665693944,,1669230511,1,5.345
20221123,47081816.1669272955,,1669272954,1,25.484
20221123,415122595.1669201943,,1669201943,0,
20221123,1638310766.1669233915,,1669233914,0,1.653
20221123,899882398.1669233932,,1669233932,1,10.651
20221123,1638310766.1669233915,,1669244752,0,
20221123,1771086875.1669224560,,1669224559,0,
20221123,1556092893.1669212141,,1669212140,0,2.654
20221123,800095515.1669212124,,1669212124,1,2.881
20221123,2083755153.1669235370,,1669235370,0,
20221123,1023884705.1669239530,,1669239530,1,3.431
20221123,1635008882.1657452329,,1669198347,1,49.492
20221123,1077452056.1669188552,,1669197387,1,28.615
20221123,1077452056.1669188552,,1669244403,1,23.254
20221123,2084017228.1663607384,,1669228328,1,330.85
20221123,708661399.1660080672,,1669266456,1,17.172
20221123,1384932084.1668655276,,1669237942,1,15.705
20221123,381827603.1669160519,,1669185791,1,99.696
20221123,480922669.1669244128,,1669252900,1,11.733
20221123,480922669.1669244128,,1669265433,1,13.75
20221123,1614063787.1669051058,,1669239733,0,
20221123,818927626.1669194523,,1669248748,1,4.37
20221123,195235761.1668676760,Traffic to Income™ Application interview,,,
20221123,554833600.1668849830,,1669216049,0,
20221123,376876953.1668802326,,1669220307,0,
20221123,364633690.1668426151,,1669240845,0,5.176
20221123,264497179.1669155962,,1669231147,1,2.832
20221123,1251860364.1666738945,,1669205527,1,7.097
20221123,195235761.1668676760,,1669228893,1,108.866
20221123,428166917.1668655410,,1669238026,0,5.149
20221123,1771330011.1667951603,,1669215833,1,37.573
20221123,166639235.1668031030,,1669223748,1,3.879
20221122,133143818.1669180057,Traffic to Income™ Application interview,,,
20221122,593915080.1668680045,,1669127957,1,31.229
20221122,189627872.1669144257,,1669144256,0,3.434
20221122,1096773568.1669101106,,1669101106,0,1.926
20221122,1948698287.1669146315,,1669146315,0,4.829
20221122,1285603832.1669146246,,1669146245,0,
20221122,1604069233.1669129981,,1669129980,0,
20221122,472954751.1669141348,,1669141348,0,3.24
20221122,1392010826.1669158412,,1669158412,1,47.717
20221122,588439268.1669158879,,1669158879,1,14.684
20221122,1065395031.1668536794,,1669172677,0,
20221122,1156220358.1669167843,,1669167842,0,7.597
20221122,73365399.1669121611,,1669121611,1,13.453
20221122,374464171.1669132878,,1669132878,0,
20221122,1146948174.1669041917,,1669133822,1,22.091
20221122,1436336204.1669130438,,1669130438,0,1.244
20221122,1436336204.1669130438,,1669132744,0,
20221122,345357457.1656320765,,1669127161,1,21.322
20221122,1764908371.1668871038,,1669128827,0,
20221122,1764908371.1668871038,,1669126591,1,25.869
20221122,267507336.1669137568,,1669137570,1,86.006
20221122,267507336.1669137568,,1669144813,1,70.071
20221122,354532980.1669138283,,1669138283,1,68.025
20221122,56285757.1669145129,,1669145129,0,5.465
20221122,2140751163.1669177659,,1669177659,0,4.681
20221122,1648746239.1669157483,,1669157483,1,2.716
20221122,873993964.1669157494,,1669157493,0,4.066
20221122,77162407.1669132845,,1669132845,1,111.824
20221122,1034690412.1669104128,,1669104128,0,
20221122,1266940878.1669146093,,1669146092,0,
20221122,1300358281.1669146378,,1669146378,0,
20221122,1897101901.1669142311,,1669142310,1,
20221122,1897101901.1669142311,,1669145350,1,25.531
20221122,968669421.1669145546,,1669145546,0,2.266
20221122,215687657.1669113961,,1669113961,1,17.292
20221122,932909651.1669113982,,1669113982,1,6.326
20221122,1831405331.1669139307,,1669139307,1,91.353
20221122,335636034.1669123315,,1669123314,0,
20221122,2119561804.1669137141,,1669137141,0,1.146
20221122,1920609678.1669128322,,1669128323,1,197.882
20221122,2084017228.1663607384,,1669145410,1,23.424
20221122,940794508.1666664470,,1669177853,0,9.895
20221122,526937107.1669178211,,1669178211,1,7.305
20221122,1193518446.1669183538,,1669183537,0,7.591
20221122,468436011.1669112485,,1669112484,0,8.224
20221122,1419353023.1669132637,,1669132637,1,78.011
20221122,2125394021.1669141215,,1669141214,0,2.556
20221122,634741429.1669141682,,1669141681,1,5.872
20221122,1861828885.1669133137,,1669133137,1,12.684
20221122,352119230.1669134400,,1669134400,0,6.107
20221122,298858942.1669154230,,1669154230,0,
20221122,1447285609.1669148473,,1669148472,0,4.09
20221122,264497179.1669155962,,1669155963,1,6.924
20221122,112500867.1669145352,,1669145351,1,6.064
20221122,634741429.1669141682,,1669145468,1,19.285
20221122,634741429.1669141682,,1669154699,1,39.405
20221122,377393869.1669144864,,1669144863,0,
20221122,967293201.1669165681,,1669165681,1,8.746
20221122,492720483.1669162502,,1669162501,1,18.923
20221122,708661399.1660080672,,1669182359,1,38.153
20221122,708661399.1660080672,,1669185009,0,
20221122,1516780216.1668881462,,1669113083,0,
20221122,1782884752.1669117484,,1669117483,0,
20221122,382430342.1669119638,,1669119637,1,44.338
20221122,604331979.1669116419,,1669116419,0,5.029
20221122,1899632002.1669118611,,1669118610,1,64.026
20221122,1109892021.1669110466,,1669110465,1,23.615
20221122,1899632002.1669118611,,1669126542,1,44.709
20221122,1885598999.1669126624,,1669126624,0,
20221122,401419312.1669125226,,1669125225,1,49.505
20221122,839399344.1656271758,,1669147076,0,
20221122,839399344.1656271758,,1669144441,0,2.102
20221122,709608646.1669144278,,1669144278,0,
20221122,1219365098.1669145463,,1669145462,1,0.06
20221122,1285846341.1669149284,,1669149284,1,30.494
20221122,372041800.1669152386,,1669152386,0,
20221122,1282241276.1669174941,,1669174941,0,
20221122,217484973.1669162667,,1669162666,0,
20221122,1991345267.1669162751,,1669162750,0,
20221122,12268054.1669059259,,1669170741,0,
20221122,872123672.1662915915,,1669165430,1,37.106
20221122,2146243868.1668822393,,1669178483,1,98.014
20221122,10724731.1669178829,,1669178828,0,2.33
20221122,1306102950.1669169212,,1669169212,0,
20221122,676844718.1669175569,,1669175569,1,48.287
20221122,1306102950.1669169212,,1669171815,0,
20221122,922704287.1668832318,,1669178168,1,10.547
20221122,2030959315.1669164610,,1669164609,0,
20221122,1055142195.1669181582,,1669181581,0,0.038
20221122,195145128.1669185473,,1669185472,0,
20221122,846363342.1669153711,,1669153711,0,
20221122,981492504.1669149774,,1669149774,0,
20221122,1380578302.1668695885,,1669131788,0,
20221122,51861170.1669159724,,1669159723,0,
20221122,815212920.1669179456,,1669179456,0,1.979
20221122,133143818.1669180057,,1669180057,1,98.82
20221122,1185694734.1669177143,,1669177143,1,74.027
20221122,2050605596.1669152629,,1669152629,1,50.477
20221122,1120578017.1669181695,,1669181695,0,
20221122,1660356359.1669159768,,1669159768,0,
20221122,295713510.1669176929,,1669176928,0,1.029
20221122,738242673.1669176944,,1669176944,0,3.225
20221122,1937001078.1662559540,,1669120835,0,
20221122,634563874.1669156224,,1669156223,1,43.031
20221122,381827603.1669160519,,1669160519,1,31.122
20221122,381827603.1669160519,,1669185791,1,168.827
20221122,1479917966.1669186061,,1669186060,1,5.846
20221122,2049240625.1669115923,,1669115922,0,1.452
20221121,1761761692.1669061559,,1669061559,0,7.617
20221121,271314384.1669064804,,1669064804,1,21.411
20221121,741149540.1669085764,,1669085763,0,
20221121,549274364.1669046131,,1669046131,0,1.109
20221121,2006141933.1669053256,,1669053256,0,
20221121,1992420623.1669060882,,1669060881,0,
20221121,453300867.1669017816,,1669017815,0,
20221121,697228749.1669014022,,1669014022,0,
20221121,1077429621.1669041900,,1669041900,0,7.876
20221121,1146948174.1669041917,,1669041917,1,71.891
20221121,1662145520.1669050038,,1669050037,0,
20221121,211643380.1669019360,,1669019360,1,87.434
20221121,1293969116.1669034236,,1669034235,0,
20221121,239038888.1669080472,,1669080471,0,
20221121,1440827386.1669016020,,1669016020,1,63.797
20221121,1440827386.1669016020,,1669020490,1,15.378
20221121,1263370218.1669033696,,1669033696,1,14.649
20221121,264438756.1669091994,,1669091994,1,14.02
20221121,480248052.1650446710,,1669092058,0,
20221121,418828306.1669059932,,1669059931,1,24.125
20221121,672469582.1669024580,,1669024579,1,
20221121,409179152.1669062796,,1669062796,1,41.568
20221121,1034292848.1669086599,,1669086598,1,111.093
20221121,1225559178.1669055950,,1669055949,1,29.717
20221121,1423697868.1669055962,,1669055961,1,15.419
20221121,208607978.1669094176,,1669094176,0,
20221121,15025615.1669043025,,1669043025,1,8.955
20221121,842467571.1669063317,,1669063321,0,
20221121,1638412649.1669063323,,1669063329,0,
20221121,1160719239.1669063436,,1669063442,0,
20221121,497410224.1669065510,,1669065509,0,3.193
20221121,494864226.1669063337,,1669063337,0,
20221121,1907150510.1669063322,,1669063324,1,17.992
20221121,1958120378.1669063330,,1669063335,0,
20221121,25583449.1669063349,,1669063353,1,31.728
20221121,600194069.1669063495,,1669063498,1,17.619
20221121,1675273259.1669063336,,1669063339,0,
20221121,462303541.1669063328,,1669063330,0,
20221121,1739011574.1669063333,,1669063339,0,
20221121,1345316736.1669063305,,1669063311,1,37.075
20221121,1404972483.1669063321,,1669063328,0,
20221121,419346105.1669063361,,1669063367,0,
20221121,1418124354.1669063314,,1669063323,0,
20221121,1482021508.1669063324,,1669063326,1,48.964
20221121,1378139821.1669063327,,1669063333,0,
20221121,1006042613.1669063325,,1669063336,1,59.252
20221121,972068126.1669063347,,1669063348,1,29.951
20221121,330148104.1669063330,,1669063334,1,29.35
20221121,2001017089.1669063337,,1669063343,0,
20221121,1172352701.1669022686,,1669022685,1,1.03
20221121,266415478.1669022797,,1669022797,1,16.243
20221121,1988777711.1669065861,,1669065861,0,3.899
20221121,1518759506.1669082524,,1669085534,0,0.045
20221121,1518759506.1669082524,,1669082524,1,96.668
20221121,2006674413.1669035152,,1669035152,1,0.032
20221121,1577144053.1669019749,,1669019749,1,9.618
20221121,1784731933.1669019843,,1669019843,1,11.326
20221121,780819879.1669015945,,1669015945,1,10.529
20221121,419416006.1669027275,,1669027275,1,1.368
20221121,1001184291.1669047210,,1669047210,0,1.272
20221121,2124354428.1669047216,,1669047215,0,
20221121,1740060078.1669039344,,1669039344,0,
20221121,1986511234.1669053190,,1669053189,1,106.192
20221121,490370216.1669053268,,1669053268,1,8.027
20221121,1816428887.1669064314,,1669064314,1,9.019
20221121,2008872347.1669064342,,1669064341,1,85.534
20221121,1693266648.1669073907,,1669073907,0,
20221121,971492926.1669074159,,1669074158,0,
20221121,1765344677.1625623688,,1669087543,1,0.044
20221121,1781140185.1669090905,,1669090905,0,
20221121,1724392790.1669087329,,1669087328,0,
20221121,12268054.1669059259,,1669059258,0,0.054
20221121,8573895.1669059286,,1669059285,1,12.554
20221121,1640251868.1669077112,,1669077112,1,24.674
20221121,1363659325.1669077163,,1669077163,1,23.054
20221121,1576101099.1669061162,,1669061161,0,
20221121,2068831389.1663677824,,1669062953,0,0.043
20221121,1236374202.1669053858,,1669053858,0,
20221121,322097536.1669060830,,1669060830,0,
20221121,1046046687.1669022362,,1669022361,1,15.339
20221121,1293921678.1669063558,,1669063558,1,57.873
20221121,861974512.1669064040,,1669064039,1,17.145
20221121,1422324832.1669069875,,1669069874,0,
20221121,353922732.1669073003,,1669073003,0,
20221121,1023450298.1669092357,,1669092357,0,0.039
20221121,1395623608.1669099654,,1669099654,0,
20221121,995549768.1669042865,,1669042867,1,50.235
20221121,995549768.1669042865,,1669045538,0,
20221121,35998531.1669073505,,1669073507,1,23.146
20221121,157589683.1669074346,,1669074345,0,1.934
20221121,922787672.1669003811,,1669020298,0,
20221121,1838971631.1669021905,,1669021905,1,22.105
20221121,725227309.1669027705,,1669027705,0,
20221121,1574519100.1669027710,,1669027709,1,99.629
20221121,576331391.1669046851,,1669046851,1,6.046
20221121,381203623.1669046873,,1669046873,0,3.084
20221121,277454118.1669043094,,1669043093,1,8.109
20221121,277454118.1669043094,,1669045110,0,9.03
20221121,1614063787.1669051058,,1669051059,1,4.109
20221121,280912671.1669051253,,1669051252,0,
20221121,1596930487.1669058386,,1669058385,1,101.309
20221121,1295752648.1669061176,,1669061176,1,36.714
20221121,573514540.1669055084,,1669055084,0,
20221121,284867269.1669065599,,1669065603,1,54.238
20221121,1261204552.1669065614,,1669065613,1,47.056
20221121,29273400.1668794409,,1669070044,1,61.004
20221121,872123672.1662915915,,1669055842,1,7.48
20221121,1440827386.1669016020,,1669031389,1,28.791
20221121,1716895698.1658785659,,1669039517,0,
20221121,1716895698.1658785659,,1669051614,0,
20221121,922704287.1668832318,,1669090995,0,
20221121,922704287.1668832318,,1669100251,0,
20221121,2146243868.1668822393,,1669013519,1,11.243
20221121,2146243868.1668822393,,1669048826,1,24.275
20221121,2146243868.1668822393,,1669052148,0,
20221121,2146243868.1668822393,,1669058986,0,
20221121,2146243868.1668822393,,1669063466,1,43.452
20221121,162536239.1668708346,,1669064818,0,1.219
20221121,2146243868.1668822393,,1669079440,1,12.007
20221121,317303208.1650988456,,1669063770,1,12.3
20221121,1521130810.1648689026,,1669065880,0,
20221121,1521130810.1648689026,,1669054686,1,21.511
20221121,708661399.1660080672,,1669096490,1,47.233
20221121,545262819.1665591023,,1669064535,0,
20221121,1337653568.1664521736,,1669077217,1,37.438
20221121,1764908371.1668871038,,1669032847,0,
20221121,1764908371.1668871038,,1669058867,0,
20221121,1764908371.1668871038,,1669054642,1,
20221121,35998531.1669073505,,1669085242,1,10.733
20221121,1867415699.1664941764,,1669013221,1,12.181
20221121,1367948571.1668103319,,1669045560,0,9.358
20221121,1595272496.1668804733,,1669053665,0,
20221121,1295752648.1669061176,,1669068407,0,
20221121,67553932.1667855991,,1669069093,0,1.961
20221121,1812555550.1668999771,,1669056729,0,
20221121,837539541.1668773209,,1669020487,0,
20221121,1910359991.1668823987,,1669048343,1,60.001
20221121,940794508.1666664470,,1669091770,0,
20221121,376876953.1668802326,,1669026449,1,
20221121,1930293717.1668439227,,1669044232,0,
20221121,26452164.1664398690,,1669076270,1,2.806
20221121,157589683.1669074346,,1669085244,0,
20221120,643429494.1668932465,,1668932465,1,19.994
20221120,1128263587.1669000952,,1669000952,0,
20221120,291391964.1668943654,,1668943654,0,
20221120,2027768893.1668985173,,1668985173,0,0.039
20221120,1076644547.1668943375,,1668943387,0,
20221120,837539541.1668773209,,1668949471,1,27.245
20221120,837539541.1668773209,,1668941908,0,
20221120,1125287733.1667578284,,1668953530,0,
20221120,837539541.1668773209,,1669008156,0,
20221120,837539541.1668773209,,1669004604,1,
20221120,635211996.1669007283,,1669007282,0,
20221120,1556695887.1668967800,,1668967800,1,3.627
20221120,455663728.1668987161,,1668987160,0,
20221120,170803723.1668983645,,1668983645,0,
20221120,1764908371.1668871038,,1669011445,1,40.296
20221120,1340558262.1665428543,,1668968597,0,
20221120,502288586.1668940248,,1668940248,0,3.184
20221120,1261260637.1668975322,,1668975322,0,
20221120,1592664160.1668945886,,1668945885,0,0.064
20221120,97280117.1668948336,,1668948336,1,0.039
20221120,568128657.1668979698,,1668979698,0,
20221120,1610269571.1668975500,,1668975499,0,0.053
20221120,276413019.1668963780,,1668963780,1,10.186
20221120,1827370139.1668963913,,1668963912,0,
20221120,1016184807.1668970987,,1668970987,0,
20221120,919369040.1668983758,,1668983757,1,
20221120,2058130632.1668984245,,1668984245,1,36.297
20221120,1398326755.1668927265,,1668930091,1,78.666
20221120,1628812906.1668982046,,1668982046,0,5.782
20221120,810788707.1668982099,,1668982098,1,16.898
20221120,1531123860.1668930906,,1668930906,1,29.266
20221120,922787672.1669003811,,1669003810,0,
20221120,519444589.1668930114,,1668930114,1,63.002
20221120,123642558.1668945358,,1668945357,0,
20221120,1394499690.1668956329,,1668956328,0,0.053
20221120,1509611701.1668971470,,1668971469,1,67.931
20221120,1331009280.1668968122,,1668968122,1,
20221120,1444194454.1668963475,,1668963474,0,
20221120,2124306642.1667353877,,1668971458,0,
20221120,1524264772.1668966895,,1668966894,0,
20221120,1092394021.1668989903,,1668989902,1,85.394
20221120,1588125507.1668991860,,1668991859,0,
20221120,687573140.1668992466,,1668992465,1,61.263
20221120,1665049257.1668992624,,1668992624,1,16.036
20221120,1202622130.1668979021,,1668979020,0,
20221120,1819739718.1668979607,,1668979606,0,
20221120,1584161391.1668982355,,1668982354,0,1.285
20221120,213042286.1668982362,,1668982362,1,6.022
20221120,1484431508.1668987769,,1668987769,1,98.807
20221120,620335457.1668983642,,1668983642,1,2.808
20221120,1939828172.1669003860,,1669003859,0,1.371
20221120,65410852.1668709577,,1669003871,0,2.726
20221120,718244170.1669001534,,1669001534,0,
20221120,1670336632.1668996963,,1668996962,0,
20221120,1106676673.1669008763,,1669008763,0,2.586
20221120,911368039.1669008775,,1669008775,0,2.447
20221120,1449884174.1668995968,,1668995967,1,15.127
20221120,488413167.1668962916,,1668962916,0,
20221120,872123672.1662915915,,1668966881,1,1.107
20221120,872123672.1662915915,,1668981535,0,
20221120,872123672.1662915915,,1668977434,0,
20221120,872123672.1662915915,,1669003205,1,
20221120,872123672.1662915915,,1669006239,0,
20221120,448841621.1668945023,,1668945023,1,20.721
20221120,1276684275.1668991970,,1668991970,0,
20221120,145636622.1668983430,,1668983429,1,149.464
20221120,364795391.1668996919,,1668996918,0,
20221120,2146243868.1668822393,,1669013519,1,11.646
20221120,182441335.1666330595,,1668991356,1,28.092
20221120,519337433.1668984988,,1668990396,0,4.836
20221120,519337433.1668984988,,1668984988,0,
20221120,976309825.1668986943,,1668986942,1,46.164
20221120,1256819099.1668987050,,1668987050,1,6.986
20221120,1515323651.1669004175,,1669004175,0,
20221120,1302346666.1669013906,,1669013905,0,
20221120,1187036885.1668948290,,1668948290,0,
20221120,754573366.1668929257,,1668929256,1,81.179
20221120,175978636.1668935305,,1668935305,0,
20221120,1598910717.1668945172,,1668945172,0,
20221120,2029007837.1668939726,,1668939725,0,0.025
20221120,248142582.1668960490,,1668960490,1,
20221120,142367775.1668962895,,1668962895,1,156.668
20221120,1467725795.1668962921,,1668962920,1,7.676
20221120,516262763.1668971235,,1668971235,0,
20221120,1728285218.1668990252,,1668990252,0,0.051
20221120,1190065184.1668979044,,1668979043,0,
20221120,1998194430.1668980647,,1668980646,1,154.329
20221120,452270474.1668981508,,1668981507,0,0.046
20221120,1665202338.1668978204,,1668978203,1,21.172
20221120,1879811077.1668983807,,1668983806,0,
20221120,838963064.1668983986,,1668983985,0,
20221120,1227167878.1668984061,,1668984060,1,13.77
20221120,1537985343.1668994597,,1668994596,1,89.203
20221120,299108965.1669007238,,1669007237,0,1.171
20221120,1039180319.1669013583,,1669013583,1,1.151
20221120,1074386597.1668942234,,1668942234,1,49.988
20221120,379606500.1669005990,,1669005989,1,19.86
20221120,1930293717.1668439227,,1668977455,1,465.243
20221120,288019542.1668983656,,1668983667,1,9.459
20221120,317303208.1650988456,,1668971294,1,
20221120,1932879658.1666808673,,1668956286,0,0.011
20221120,67553932.1667855991,,1668969080,1,13.548
20221120,708661399.1660080672,,1668992461,1,29.089
20221120,1867415699.1664941764,,1668999115,1,7.585
20221120,1236240312.1668314156,,1668999523,1,13.074
20221120,317303208.1650988456,,1668999732,1,16.751
20221120,1812555550.1668999771,,1668999771,1,67.537
20221120,748279228.1668999780,,1668999779,1,94.675
20221120,1418865652.1669007389,,1669007389,1,395.139
20221120,1867415699.1664941764,,1669013221,1,21.815
20221120,2068748504.1664941825,,1669013227,1,16.802
20221120,229606463.1668981404,,1668981404,0,
20221120,1509611701.1668971470,Black Friday TTI Admissions,,,
20221120,748279228.1668999780,Traffic to Income™ Application interview,,,
20221120,2068748504.1664941825,Traffic to Income™ Application interview,,,
20221119,753049028.1668862124,Traffic to Income™ Application interview,,,
20221119,undefined,Coaching with Brenda,,,
20221119,1933191506.1668873060,,1668873060,1,20.958
20221119,348825383.1668862114,,1668862114,0,1.317
20221119,753049028.1668862124,,1668862123,1,70.179
20221119,1516780216.1668881462,,1668881461,0,
20221119,533516172.1668920650,,1668920649,1,17.806
20221119,2072691810.1668920663,,1668920663,1,9.989
20221119,307340493.1668894224,,1668898444,1,15.359
20221119,307340493.1668894224,,1668894223,1,105.261
20221119,288892937.1668894335,,1668894334,1,27.004
20221119,1449417302.1668879170,,1668879170,1,144.901
20221119,1211382938.1668879331,,1668879330,0,8.701
20221119,2106334846.1668881414,,1668881413,0,
20221119,398132537.1668857276,,1668857276,1,42.605
20221119,1398326755.1668927265,,1668927265,1,33.991
20221119,1764908371.1668871038,,1668871055,0,0.716
20221119,1291640953.1668914546,,1668914546,1,42.994
20221119,953397394.1668890487,,1668890487,0,
20221119,79686750.1668857252,,1668857251,0,0.047
20221119,640750447.1668857269,,1668857269,1,39.4
20221119,239291075.1668883948,,1668883948,1,19.311
20221119,1944412051.1668880564,,1668880564,0,6.381
20221119,487410844.1668880565,,1668880564,0,
20221119,1518908370.1668909017,,1668909016,1,9.099
20221119,337989970.1668913711,,1668913710,1,12.646
20221119,633178298.1668898915,,1668898915,0,7.562
20221119,1636022144.1668879837,,1668879837,0,
20221119,1175562401.1668887949,,1668887948,0,
20221119,1180628776.1668888267,,1668888267,1,50.525
20221119,1591950907.1668876909,,1668876909,1,9.537
20221119,210260105.1668884706,,1668884706,0,
20221119,1603376019.1668907144,,1668907143,1,11.768
20221119,1603376019.1668907144,,1668919550,0,
20221119,668944728.1668843184,,1668843183,1,11.102
20221119,509141788.1668871494,,1668871493,0,
20221119,1953119856.1668885734,,1668885733,0,
20221119,1958448880.1668857502,,1668857502,1,17.736
20221119,1015339186.1668177743,,1668857593,1,5.396
20221119,1115558258.1668877995,,1668877994,0,
20221119,1115558258.1668877995,,1668880502,0,
20221119,842317123.1668887012,,1668887012,1,18.66
20221119,713337542.1668875409,,1668875409,1,3.45
20221119,990486338.1668875441,,1668875441,1,29.855
20221119,1098814770.1668896962,,1668896961,0,1.651
20221119,365236928.1668898208,,1668898208,0,
20221119,1984148980.1668897556,,1668897556,0,
20221119,1720527534.1668892598,,1668892598,0,
20221119,844439022.1668915269,,1668915269,1,12.871
20221119,1660518677.1668907469,,1668907468,0,
20221119,1247603279.1668920012,,1668920011,1,312.683
20221119,1148666317.1668923342,,1668923341,1,12.078
20221119,1944590182.1668926112,,1668926112,0,
20221119,1337443.1668886118,,1668886118,0,1.398
20221119,365032134.1668849788,,1668849788,1,65.464
20221119,554833600.1668849830,,1668849829,1,4.775
20221119,848616585.1668886359,,1668886359,1,65.043
20221119,848616585.1668886359,,1668906345,1,35.651
20221119,771529951.1668870753,,1668870752,1,15.75
20221119,121803487.1657031070,,1668870567,1,7.639
20221119,575548117.1667927944,,1668904914,1,6.46
20221119,575548117.1667927944,,1668895609,1,27.279
20221119,2042993433.1668907568,,1668907572,1,497.622
20221119,1465180560.1668896243,,1668896244,1,18.944
20221119,762977643.1668886608,,1668886608,1,83.231
20221119,611729872.1668006187,,1668887840,1,110.262
20221119,708661399.1660080672,,1668891703,1,52.227
20221119,708661399.1660080672,,1668896196,0,
20221119,242768009.1668896220,,1668896220,0,
20221119,708661399.1660080672,,1668922353,0,5.876
20221119,1979494459.1668840306,,1668877204,1,49.059
20221119,390522890.1668367517,,1668886430,1,21.16
20221118,1624357963.1668823719,Coaching with Brenda,,,
20221118,1431688207.1664962648,,1668767228,1,69.932
20221118,265633843.1668767239,,1668767238,1,7.878
20221118,784945914.1668780040,,1668780040,0,
20221118,133314822.1668758741,,1668758740,0,
20221118,1884789121.1668762821,,1668762820,0,
20221118,1502134699.1668807727,,1668807726,0,
20221118,240965295.1668800983,,1668800982,1,21.64
20221118,1624357963.1668823719,,1668823719,1,32.193
20221118,982778793.1668816131,,1668816131,0,1.905
20221118,1074121270.1668788557,,1668788557,1,38.103
20221118,366354333.1668790912,,1668790911,0,
20221118,1084618971.1668768641,,1668768641,1,333.06
20221118,1328452208.1668760880,,1668760880,0,
20221118,1832112165.1668762579,,1668762578,0,
20221118,817628592.1668774851,,1668774851,0,1.36
20221118,151920072.1668795064,,1668795064,1,46.588
20221118,552605422.1668787628,,1668787628,0,
20221118,2131803870.1668792484,,1668792483,0,1.266
20221118,691173282.1668791158,,1668791158,0,
20221118,470624450.1660316791,,1668789289,0,
20221118,1585129243.1668790626,,1668790626,1,52.473
20221118,1843191363.1668778215,,1668778214,0,
20221118,1059834204.1668781032,,1668781032,0,
20221118,1184959684.1668126391,,1668806793,0,5.041
20221118,718579113.1668800216,,1668800216,1,8.52
20221118,1591903167.1668804369,,1668804368,0,
20221118,411751748.1668805608,,1668805607,0,
20221118,411751748.1668805608,,1668807566,0,
20221118,2084651565.1668809897,,1668809897,1,21.701
20221118,1894263056.1668804291,,1668804291,0,
20221118,2146243868.1668822393,,1668822393,1,27.809
20221118,2146243868.1668822393,,1668827280,0,
20221118,1813083010.1668814633,,1668814633,1,20.937
20221118,2125459574.1668821617,,1668821616,0,
20221118,1217129832.1668818644,,1668818643,1,51.093
20221118,958307437.1668819733,,1668819733,0,
20221118,1493989564.1668825684,,1668825683,0,
20221118,1463188313.1668826404,,1668826404,0,
20221118,922704287.1668832318,,1668832317,1,109.565
20221118,1918996633.1668582885,,1668832481,0,2.805
20221118,2028012353.1668833365,,1668833365,0,
20221118,874357744.1668835449,,1668835448,0,1.099
20221118,1401582073.1668837110,,1668837110,1,56.6
20221118,1256940341.1668838021,,1668838021,0,
20221118,29273400.1668794409,,1668794409,1,4.968
20221118,1886275515.1668786501,,1668786501,0,
20221118,29273400.1668794409,,1668810827,0,
20221118,178197049.1668802513,,1668802513,0,7.354
20221118,2077295335.1668764516,,1668764517,0,
20221118,1561952091.1668822451,,1668822451,0,3.62
20221118,1125287733.1667578284,,1668765540,1,1.159
20221118,1814156108.1668761565,,1668761565,1,2.869
20221118,127137103.1668761572,,1668761571,0,4.077
20221118,1402394681.1668777802,,1668777802,1,8.281
20221118,912399676.1668793809,,1668793808,1,2.496
20221118,1194355594.1658626312,,1668793815,1,11.55
20221118,1329502034.1642169138,,1668796611,0,0.028
20221118,1329502034.1642169138,,1668809630,1,3.165
20221118,547183334.1668839267,,1668839267,1,84.371
20221118,1979494459.1668840306,,1668840306,1,185.523
20221118,837539541.1668773209,,1668773208,1,22.876
20221118,837539541.1668773209,,1668776322,1,11.256
20221118,111787599.1668776343,,1668776342,1,24.596
20221118,933951808.1668739368,,1668801744,0,0.023
20221118,940794508.1666664470,,1668764069,0,
20221118,545262819.1665591023,,1668805147,1,230.406
20221118,847948319.1665590990,,1668805540,1,16.474
20221118,1910359991.1668823987,,1668823987,0,2.638
20221118,1191915501.1667848840,,1668827728,1,22.232
20221118,152293192.1668798159,,1668798160,0,3.201
20221118,1653579599.1668683973,,1668825011,0,
20221118,1383928745.1668757009,,1668757008,0,
20221118,1595272496.1668804733,,1668804733,1,183.462
20221118,1235564878.1668687773,,1668765734,0,
20221118,1968691222.1658530768,,1668785028,0,
20221118,1968691222.1658530768,,1668779739,0,4.115
20221118,1146982432.1668786400,,1668786399,1,72.031
20221118,1231791541.1668791665,,1668791665,0,
20221118,1745876876.1668791670,,1668791670,0,
20221118,2108613832.1668791673,,1668791673,0,
20221118,1080639278.1668791677,,1668791677,0,1.918
20221118,67553932.1667855991,,1668795034,1,2.791
20221118,665096955.1666904047,,1668795764,1,25.821
20221118,1521130810.1648689026,,1668809013,1,18.961
20221118,533557671.1668215526,,1668796937,1,6.158
20221118,333477272.1668615845,,1668796963,1,16.301
20221118,1671094864.1668802267,,1668802267,0,
20221118,376876953.1668802326,,1668802326,0,
20221118,26452164.1664398690,,1668818220,1,33.895
20221118,26452164.1664398690,,1668828537,0,
20221118,75764624.1667523489,,1668814434,0,4.89
20221118,808143870.1668816568,,1668816570,1,11.421
20221118,512930331.1668819979,,1668819979,1,641.969
20221118,1194675253.1668828820,,1668828820,0,2.535
20221118,1823589551.1668825835,,1668825835,0,
20221118,708661399.1660080672,,1668832718,0,7.405
20221117,519691596.1668480713,,1668691143,1,22.731
20221117,2115829972.1668521033,,1668693791,0,2.383
20221117,848599751.1668712593,,1668712593,1,13.481
20221117,593915080.1668680045,,1668680045,1,34.318
20221117,593915080.1668680045,,1668687110,0,
20221117,1714173456.1668673272,,1668673272,0,
20221117,1355223160.1668699467,,1668699466,0,
20221117,1832777731.1668709556,,1668709555,0,5.474
20221117,65410852.1668709577,,1668709576,0,6.844
20221117,2089516186.1668673243,,1668673243,0,4.054
20221117,221528634.1668646036,,1668672761,1,48.723
20221117,1338018502.1668682104,,1668682104,0,
20221117,1633957026.1668685297,,1668685297,0,7.608
20221117,1284278001.1668718738,,1668718738,0,
20221117,593510560.1668688953,,1668688953,1,
20221117,17616418.1668694949,,1668694948,1,2.912
20221117,17616418.1668694949,,1668697869,0,
20221117,1640691765.1668708648,,1668708648,1,7.944
20221117,1150743520.1668722944,,1668722943,0,0.052
20221117,662405410.1668421942,,1668718436,0,
20221117,1863077738.1668671965,,1668671965,0,
20221117,927286031.1668695440,,1668695440,1,58.038
20221117,1002166932.1668708733,,1668708733,1,49.287
20221117,2071244172.1668708794,,1668708794,0,
20221117,1279068132.1668632559,,1668702161,1,80.629
20221117,1781819153.1668680362,,1668680361,0,
20221117,2110405235.1668708635,,1668708634,0,
20221117,200310395.1668676793,,1668676792,1,127.444
20221117,1096853111.1668749389,,1668749389,1,16.328
20221117,1235564878.1668687773,,1668687773,1,49.708
20221117,1235564878.1668687773,,1668724389,0,
20221117,1235564878.1668687773,,1668728245,0,
20221117,1783153590.1668676746,,1668676746,0,1.597
20221117,195235761.1668676760,,1668676760,0,9.002
20221117,823679667.1668741152,,1668741152,1,
20221117,1381400681.1668676141,,1668676141,0,2.714
20221117,1734267088.1668676150,,1668676149,1,10.375
20221117,933951808.1668739368,,1668742246,0,0.022
20221117,933951808.1668739368,,1668739367,1,116.629
20221117,1367897252.1667591505,,1668733608,0,
20221117,424705099.1666466242,,1668668398,1,17.711
20221117,1191915501.1667848840,,1668697070,1,37.786
20221117,1191915501.1667848840,,1668699830,0,
20221117,1310262310.1668717775,,1668717775,0,
20221117,2111020610.1655069012,,1668709800,1,250.914
20221117,1974403009.1668710727,,1668710726,0,
20221117,416001520.1668675214,,1668675213,0,
20221117,927928165.1668703426,,1668703425,0,
20221117,1489894469.1668676638,,1668676638,1,33.203
20221117,1323652925.1668676699,,1668676698,1,5.181
20221117,1653579599.1668683973,,1668683976,1,12.791
20221117,665795725.1668056676,,1668696588,1,
20221117,749587421.1668721044,,1668721044,0,1.722
20221117,1697304079.1668720562,,1668720562,1,71.067
20221117,906887078.1668712400,,1668712400,1,159.083
20221117,1582795786.1667251374,,1668718938,0,3.213
20221117,246892248.1668717020,,1668717020,1,17.018
20221117,1166563415.1668717380,,1668717379,0,2.285
20221117,708661399.1660080672,,1668717761,0,
20221117,708661399.1660080672,,1668708228,1,3.157
20221117,604747454.1660795428,,1668716317,0,7.895
20221117,604747454.1660795428,,1668708245,0,3.248
20221117,1571767244.1668106154,,1668722569,0,
20221117,772631426.1668668835,,1668668835,1,10.979
20221117,995391928.1668676808,,1668676808,0,
20221117,1313860121.1668647779,,1668685440,0,
20221117,1887673907.1668693951,,1668693951,1,314.029
20221117,1417061043.1668687298,,1668687297,0,
20221117,407242622.1668700025,,1668700024,1,496.679
20221117,1390921203.1668699502,,1668699502,1,47.108
20221117,122583536.1668700059,,1668701954,0,
20221117,122583536.1668700059,,1668700058,1,19.23
20221117,1830629723.1668695801,,1668695800,0,0.044
20221117,1161497509.1668691822,,1668691821,1,
20221117,1227515970.1668716217,,1668724741,0,1.518
20221117,1227515970.1668716217,,1668716216,1,34.965
20221117,93744313.1668709791,,1668709791,0,
20221117,1185261745.1668709246,,1668709245,0,
20221117,828699051.1668722272,,1668722272,0,
20221117,1512332413.1668708088,,1668708088,0,
20221117,162536239.1668708346,,1668708345,0,1.327
20221117,1512332413.1668708088,,1668710087,1,0.015
20221117,597183883.1668715597,,1668715596,1,52.367
20221117,1566590677.1668715641,,1668715641,0,
20221117,92693100.1668713394,,1668713393,0,
20221117,733468798.1668721796,,1668721796,0,
20221117,312061544.1668707915,,1668707914,1,20.775
20221117,898961083.1668562122,,1668716409,0,
20221117,2145130969.1668730160,,1668730160,0,
20221117,692081080.1668730992,,1668730992,0,0.656
20221117,598075515.1668732072,,1668732071,1,
20221117,1661988905.1668736587,,1668736587,1,30.585
20221117,1936567907.1668737154,,1668737153,0,
20221117,624870800.1668737972,,1668737972,0,
20221117,1077178461.1668034511,,1668734162,0,
20221117,1273834664.1668734484,,1668734484,1,10.487
20221117,1168396498.1668744001,,1668744000,1,31.982
20221117,1776077894.1668744051,,1668744050,0,
20221117,1595393398.1668746279,,1668746279,1,61.228
20221117,388979253.1668746351,,1668746351,0,2.789
20221117,691226317.1668750512,,1668750511,0,
20221117,1450857982.1668669582,,1668669582,1,20.428
20221117,1380578302.1668695885,,1668695884,0,
20221117,1744636468.1668710918,,1668714440,0,
20221117,1744636468.1668710918,,1668710918,0,
20221117,1213743365.1668730475,,1668730474,0,0.037
20221117,1158926559.1668730481,,1668730481,0,4.561
20221117,1064756056.1668673534,,1668686249,0,
20221117,1064756056.1668673534,,1668673533,0,
20221117,1064756056.1668673534,,1668707883,1,8.547
20221117,1320787997.1668696292,,1668696291,0,1.589
20221117,1273636148.1668696306,,1668696306,0,4.77
20221117,1115802132.1668577586,,1668712382,0,
20221117,undefined,Black Friday TTI Admissions,,,
20221116,1715223060.1668627715,Traffic to Income™ Application interview,,,
20221116,1129690852.1668649093,Black Friday TTI Admissions,,,
20221116,826324924.1668633701,,1668633700,0,
20221116,182667255.1668607725,,1668607724,0,
20221116,1366915212.1668607356,,1668607355,0,
20221116,144809086.1668630282,,1668630282,0,
20221116,915752666.1668632000,,1668632000,0,2.202
20221116,2105524132.1668632073,,1668632073,1,18.34
20221116,2105524132.1668632073,,1668634668,0,1.694
20221116,1562242472.1668610141,,1668610141,0,
20221116,1137227000.1668624988,,1668624988,0,
20221116,688158922.1668632195,,1668632196,0,
20221116,1717889942.1668661862,,1668661862,1,2.211
20221116,937380035.1668645240,,1668655136,0,1.054
20221116,1488327238.1668594455,,1668594456,0,
20221116,937380035.1668645240,,1668652453,1,151.358
20221116,937380035.1668645240,,1668645240,1,180.059
20221116,1760766176.1668612483,,1668612484,0,
20221116,2094448037.1668603645,,1668603645,0,
20221116,1089192026.1668657623,,1668657623,1,56.764
20221116,1089192026.1668657623,,1668664278,0,
20221116,1537596467.1668582182,,1668582181,0,1.566
20221116,1313860121.1668647779,,1668647778,1,19.123
20221116,934254719.1668647827,,1668647827,0,
20221116,1790706772.1668632226,,1668632225,1,272.452
20221116,1806698509.1668632592,,1668632592,1,10.518
20221116,1790706772.1668632226,,1668636162,1,2.313
20221116,2140748444.1668631924,,1668631923,0,
20221116,10287797.1668619533,,1668619532,0,
20221116,1816111137.1668630578,,1668630577,1,1.314
20221116,242420969.1668664421,,1668664420,0,
20221116,541086016.1668582104,,1668582103,0,
20221116,1303972206.1668588000,,1668588000,0,
20221116,1332073389.1668623537,,1668623537,0,
20221116,1372425409.1668625514,,1668625514,0,
20221116,1790429909.1668628629,,1668628628,0,
20221116,567544487.1668630628,,1668630627,0,
20221116,1753717246.1668630702,,1668630701,0,
20221116,1538459680.1668659249,,1668659249,1,1.096
20221116,307653277.1668651943,,1668655876,0,
20221116,1108443778.1668655036,,1668655035,0,
20221116,432006895.1668661844,,1668661843,0,
20221116,1788910768.1668658091,,1668658090,0,
20221116,1384932084.1668655276,,1668655276,1,58.207
20221116,428166917.1668655410,,1668655410,1,11.85
20221116,273309563.1668593532,,1668593532,0,
20221116,1918996633.1668582885,,1668582884,0,
20221116,1595952740.1668599437,,1668599436,0,
20221116,1030122417.1668653619,,1668653618,0,
20221116,1334129248.1668641070,,1668641070,1,13.31
20221116,783410644.1668653541,,1668653540,0,
20221116,129223676.1668645485,,1668645484,1,15.31
20221116,588990315.1668649468,,1668649468,1,26.151
20221116,1549890316.1668645050,,1668645050,0,0.045
20221116,1197899620.1668640747,,1668640747,1,23.985
20221116,307653277.1668651943,,1668651943,0,0.042
20221116,1817349309.1668650926,,1668650925,0,
20221116,490465025.1668647897,,1668647897,0,
20221116,412496810.1668617552,,1668617551,0,
20221116,791476309.1668650491,,1668650491,0,
20221116,776691743.1668646387,,1668646387,1,236.863
20221116,1279068132.1668632559,,1668632559,0,2.541
20221116,780547291.1668633553,,1668633552,1,29.226
20221116,234040729.1668633605,,1668633605,0,4.315
20221116,1730171682.1668619560,,1668619560,0,
20221116,340428541.1668612763,,1668612762,1,32.781
20221116,787040928.1668612773,,1668612773,0,5.442
20221116,1125751810.1668602569,,1668602568,0,
20221116,782574005.1668655845,,1668655844,0,1.159
20221116,1679737032.1668605815,,1668605815,0,
20221116,537814526.1668657987,,1668657986,0,
20221116,1497005849.1668601743,,1668601742,0,
20221116,1347987911.1668660961,,1668660961,0,
20221116,1133157471.1668602428,,1668602428,0,
20221116,1119849324.1668645726,,1668645726,0,5.292
20221116,2054492396.1668645748,,1668645748,0,5.797
20221116,919933087.1668603993,,1668603993,0,
20221116,245446436.1668624514,,1668624513,1,92.557
20221116,1278352539.1668630179,,1668630178,1,0.062
20221116,1808228796.1668664853,,1668664852,0,
20221116,1129690852.1668649093,,1668649093,1,65.772
20221116,804960892.1668649217,,1668649217,0,1.015
20221116,1500510564.1665519044,,1668611931,0,0.046
20221116,1858268413.1668611941,,1668611940,0,3.778
20221116,16440519.1668665989,,1668665988,0,
20221116,884230826.1668620264,,1668620264,0,7.608
20221116,1087869234.1668623838,,1668623838,0,
20221116,320139542.1668584561,,1668584560,1,36.298
20221116,2116459978.1668630418,,1668630418,0,3.071
20221116,1355512833.1668619709,,1668623362,1,1.537
20221116,169745424.1668619612,,1668619612,1,4.651
20221116,1355512833.1668619709,,1668619708,1,9.103
20221116,1461638834.1668589454,,1668589454,0,
20221116,1979658177.1668646208,,1668646207,0,
20221116,1715223060.1668627715,,1668627715,1,122.724
20221116,441433608.1668620699,,1668620699,0,
20221116,702166477.1668620064,,1668620064,0,
20221116,606719959.1668622119,,1668622119,0,
20221116,111656415.1658608456,,1668623219,0,
20221116,945106437.1668666383,,1668666383,0,
20221116,2137580271.1668583629,,1668583629,1,11.08
20221116,1219281076.1668623975,,1668623977,0,
20221116,221528634.1668646036,,1668646037,1,50.863
20221116,1760765231.1668646381,,1668646381,1,23.291
20221116,1105747129.1668629450,,1668629450,0,
20221116,460340697.1668601769,,1668601768,0,6.941
20221116,348051858.1668631678,,1668631677,0,
20221116,1153124177.1668599548,,1668599548,1,
20221116,512169134.1668601413,,1668601413,0,
20221116,399543711.1668613343,,1668613342,0,4.177
20221116,1157384936.1668638060,,1668638060,0,
20221116,1697908731.1668638063,,1668638063,1,63.839
20221116,734743159.1668539670,,1668630909,0,2.069
20221116,1380309617.1668632390,,1668632389,1,393.445
20221116,755321522.1668634280,,1668634280,1,36.768
20221116,333477272.1668615845,,1668615845,1,6.566
20221116,1733895772.1668630581,,1668630580,0,
20221116,1856048136.1666780528,,1668598009,0,1.618
20221116,194640004.1668641665,,1668641666,1,12.135
20221116,1040438976.1668397410,,1668608566,1,5.871
20221116,1609861848.1668133651,,1668616716,1,1.955
20221116,2115829972.1668521033,,1668651588,1,6.932
20221116,2031601.1662272810,,1668646092,1,7.061
20221116,424705099.1666466242,,1668668398,0,
20221116,708661399.1660080672,,1668620536,1,28.047
20221116,1521130810.1648689026,,1668629453,1,3.96
20221116,708661399.1660080672,,1668658114,1,4.26
20221116,708661399.1660080672,,1668663612,0,
20221116,1856048136.1666780528,,1668646237,0,
20221116,708661399.1660080672,,1668645211,0,
20221116,708661399.1660080672,,1668666050,0,
20221116,898961083.1668562122,,1668598066,0,
20221116,898961083.1668562122,,1668609340,1,137.386
20221116,1367897252.1667591505,,1668612137,1,17.473
20221116,1367897252.1667591505,,1668634679,0,
20221116,1337653568.1664521736,,1668666297,1,985.628
20221116,2144226719.1666735929,,1668618632,1,3.023
20221116,1514039102.1665246965,,1668590738,1,49.399
20221116,2144226719.1666735929,,1668613640,0,
20221116,67553932.1667855991,,1668620666,1,11.657
20221116,628327677.1668270465,,1668639114,0,
20221116,1419707688.1666809597,,1668666425,1,161.309
20221116,267314288.1668564232,,1668641089,1,102.195
20221115,670574543.1668539479,Traffic to Income™ Application interview,,,
20221115,1716895698.1658785659,Coaching Call,,,
20221115,210230244.1668504436,,1668504435,0,
20221115,1159270289.1668506517,,1668506517,1,61.118
20221115,2143935277.1668562208,,1668562207,1,7.389
20221115,1709568401.1668578805,,1668578805,1,32.429
20221115,297398387.1668538406,,1668538406,0,
20221115,1417144368.1668569662,,1668569662,1,58.358
20221115,2115829972.1668521033,,1668521033,0,6.024
20221115,519691596.1668480713,,1668563017,1,28.122
20221115,1383712924.1667737646,,1668518203,1,61.425
20221115,1592561351.1668503420,,1668503419,1,28.327
20221115,464659013.1667951268,,1668527000,1,38.889
20221115,464927147.1668550966,,1668550966,0,
20221115,1557864050.1668540752,,1668540751,1,45.884
20221115,476015642.1668554606,,1668554605,0,
20221115,575349901.1668171844,,1668556747,0,
20221115,53271977.1668556769,,1668556769,0,
20221115,2044913351.1668551182,,1668551182,1,23.375
20221115,391050447.1668551248,,1668551249,1,14.115
20221115,1018518252.1668540680,,1668540680,0,
20221115,1702171800.1668555822,,1668555822,0,
20221115,828552553.1668513760,,1668513760,0,
20221115,1937001078.1662559540,,1668514524,0,
20221115,1265406761.1668514876,,1668514875,1,10.487
20221115,374677433.1668008056,,1668520936,0,
20221115,1389451395.1668494025,,1668507189,1,332.427
20221115,803535409.1668489561,,1668554134,0,
20221115,1763848225.1668553638,,1668557766,0,
20221115,1763848225.1668553638,,1668553638,1,113.861
20221115,1893314539.1668564534,,1668564533,1,23.508
20221115,646548793.1668539207,,1668539207,1,21.671
20221115,628327677.1668270465,,1668534773,0,
20221115,1184959684.1668126391,,1668538545,0,
20221115,918576094.1668572868,,1668572867,0,
20221115,1824299034.1668574410,,1668574410,0,
20221115,1718497816.1668558302,,1668558302,0,
20221115,1936612034.1668560704,,1668560704,0,
20221115,854737476.1668550278,,1668550277,0,5.027
20221115,43689604.1668578729,,1668578728,0,0.045
20221115,1129361494.1668578733,,1668578733,0,6.287
20221115,520515677.1666027553,,1668516643,1,
20221115,1592466624.1668538208,,1668538207,0,4.787
20221115,1738711370.1668562842,,1668562841,0,
20221115,617838885.1668569333,,1668569332,0,
20221115,872123672.1662915915,,1668565779,1,3.475
20221115,1221114278.1668500532,,1668500531,0,
20221115,1013257352.1668527616,,1668527615,1,36.417
20221115,1196789159.1668362058,,1668557380,0,
20221115,1688274497.1668546925,,1668546925,1,
20221115,1333482402.1668547316,,1668547316,0,
20221115,1678561741.1668562096,,1668562096,0,
20221115,898961083.1668562122,,1668562122,1,99.551
20221115,2056533671.1668545288,,1668545288,1,72.932
20221115,2056533671.1668545288,,1668547309,1,73.421
20221115,1840301287.1668547454,,1668547453,0,
20221115,901954899.1668558191,,1668558191,1,
20221115,1716895698.1658785659,,1668535198,1,12.257
20221115,2122864232.1668543830,,1668543830,0,
20221115,683845283.1668571570,,1668571570,0,
20221115,164925699.1668556969,,1668556969,1,41.232
20221115,868035697.1664720354,,1668556479,0,1.293
20221115,356367354.1668550362,,1668550361,0,7.196
20221115,1607463608.1668523573,,1668523573,1,14.7
20221115,1994612414.1668526546,,1668526545,1,6.884
20221115,728225211.1668527293,,1668527293,0,
20221115,2100969306.1668528874,,1668528874,1,9.304
20221115,450536812.1668523515,,1668523514,0,
20221115,422621470.1668481024,,1668523554,1,433.915
20221115,1246079802.1668569302,,1668569302,1,98.832
20221115,450536812.1668523515,,1668563705,1,7.55
20221115,47759122.1668513906,,1668513905,0,1.912
20221115,1876914649.1668513920,,1668513919,1,18.299
20221115,1630789752.1668537288,,1668537287,1,31.614
20221115,1916967048.1668537336,,1668537335,0,
20221115,1588236319.1668555884,,1668555884,0,
20221115,154276752.1668556989,,1668556989,0,
20221115,159766171.1668558080,,1668558079,0,
20221115,1527510993.1668565566,,1668565565,0,
20221115,3629272.1668565985,,1668565985,0,
20221115,1465388259.1668566021,,1668566021,1,133.393
20221115,450144378.1668561963,,1668561963,0,
20221115,578756920.1668563349,,1668563348,0,
20221115,1269143408.1668564641,,1668564640,1,124.35
20221115,84668972.1668564896,,1668564895,0,7.216
20221115,1826768062.1668569360,,1668569360,0,
20221115,239788100.1668571211,,1668571210,0,
20221115,1764994212.1668571744,,1668571743,0,
20221115,811503935.1668574302,,1668574302,0,
20221115,775739038.1668575354,,1668575354,0,
20221115,1119327705.1668575620,,1668575620,1,28.539
20221115,189925062.1668558640,,1668558640,1,27.582
20221115,2136242443.1668559059,,1668559059,1,86.719
20221115,139759026.1668560506,,1668560505,0,
20221115,1187250501.1668576754,,1668576754,0,
20221115,1115802132.1668577586,,1668577585,0,
20221115,398910090.1668581841,,1668581841,1,60.393
20221115,670574543.1668539479,,1668539478,1,100.605
20221115,2140033688.1668554304,,1668554303,0,
20221115,624465021.1668568625,,1668568625,0,1.353
20221115,1681210772.1668568639,,1668568638,0,6.318
20221115,1126160173.1668573249,,1668573249,0,
20221115,1051838866.1668522734,,1668522733,0,8.272
20221115,1559475929.1668522742,,1668522742,1,39.441
20221115,906167814.1668576035,,1668576035,1,
20221115,766248772.1668577763,,1668577762,0,
20221115,1921255868.1668533272,,1668533271,0,
20221115,1687696643.1668526755,,1668526757,1,126.541
20221115,523191150.1668527158,,1668527157,1,4.673
20221115,1065395031.1668536794,,1668536794,1,21.868
20221115,1065395031.1668536794,,1668543303,0,
20221115,760390400.1668452250,,1668552998,0,
20221115,1687696643.1668526755,,1668542246,1,43.385
20221115,523191150.1668527158,,1668542246,0,
20221115,747856095.1668539599,,1668539599,1,17.591
20221115,2010125728.1652136260,,1668532948,1,2.1
20221115,1425892521.1667506128,,1668541952,0,
20221115,708661399.1660080672,,1668555185,0,
20221115,604747454.1660795428,,1668557254,1,10.126
20221115,378505721.1668557284,,1668557284,0,6.015
20221115,708661399.1660080672,,1668552053,1,11.561
20221115,604747454.1660795428,,1668552735,0,
20221115,49269270.1668553702,,1668553702,0,6.308
20221115,1196826709.1668550088,,1668550087,1,148.902
20221115,617089300.1668550245,,1668550244,1,22.553
20221115,1715594684.1668566833,,1668566833,0,4.32
20221115,267314288.1668564232,,1668567142,0,
20221115,267314288.1668564232,,1668564232,1,90.956
20221115,267314288.1668564232,,1668570951,0,
20221115,2144226719.1666735929,,1668569261,1,4.012