event_date,user_pseudo_id,item_name,session_id,session_engaged,engagement_time_seconds,item_name_encoded 
20221130,138813083.2,,1669855833,0,1.222,0
20221130,1435230847,,1669859461,1,5.546,0
20221130,1266626695,,1669859956,0,,0
20221130,596824101.2,,1669860795,1,131.662,0
20221130,596824101.2,Traffic to Income™ Application interview,,,,1
20221130,706048232.2,,1669860950,1,34.272,0
20221130,888525708.2,,1669824861,0,,0
20221130,1644600639,,1669827194,0,,0
20221130,630206659.2,,1669822846,0,,0
20221130,1474890948,,1669818272,0,1.576,0
20221130,1249816092,,1669823939,0,1.759,0
20221130,1198307859,,1669823958,1,17.658,0
20221130,770032026.2,,1669827589,0,2.226,0
20221130,532789965.2,,1669827614,0,,0
20221130,1817214663,,1669815682,0,7.592,0
20221130,1297531131,,1669862029,0,3.821,0
20221130,1297531131,,1669869588,0,,0
20221130,2088049210,,1669824283,0,,0
20221130,2088049210,,1669815602,1,26.548,0
20221130,1724879672,,1669820316,1,50.027,0
20221130,1430202770,,1669814578,0,,0
20221130,695792783.2,,1669822013,1,38.896,0
20221130,2101803356,,1669829203,1,31.883,0
20221130,2140782033,,1669829225,1,8.142,0
20221130,1008554007,,1669829553,0,,0
20221130,51712663.17,,1669829263,1,40.111,0
20221130,1773380139,,1669829301,0,4.404,0
20221130,51712663.17,,1669831221,0,,0
20221130,827578951.2,,1669819602,0,9.026,0
20221130,655032905.2,Coaching with Brenda,,,,0
20221130,1292896596,Coaching with Brenda,,,,0
20221130,1479840617,Traffic to Income™ Application interview,,,,1
20221130,346620799.2,,1669840284,1,23.27,0
20221130,888525708.2,,1669833076,0,,0
20221130,852619940.2,,1669843552,0,,0
20221130,2136826360,,1669843636,0,2.694,0
20221130,1067842120,,1669844084,0,3.928,0
20221130,2109522127,,1669847660,1,9.326,0
20221130,1479840617,,1669851350,1,816.963,0
20221130,596824101.2,,1669852059,1,9.15,0
20221130,655032905.2,,1669845341,1,24.324,0
20221130,13029025.17,,1669845424,0,,0
20221130,1599748758,,1669846388,0,,0
20221130,386039819.2,,1669847228,0,6.539,0
20221130,286466979.2,,1669841855,1,9.714,0
20221130,480280047.2,,1669842198,0,,0
20221130,1292896596,,1669850672,1,14.972,0
20221130,36279890.17,,1669850722,0,,0
20221130,782465750.2,,1669853543,0,,0
20221130,1713168903,,1669832941,0,,0
20221130,755550379.2,,1669832868,1,42.546,0
20221130,1218081494,,1669844533,0,1.426,0
20221130,942248647.2,,1669846485,0,,0
20221130,352164354.2,,1669831540,0,,0
20221130,725459653.2,,1669849594,0,1.488,0
20221130,16024500.17,,1669849599,1,12.647,0
20221130,1451593425,,1669833453,0,,0
20221130,722298245.2,,1669841136,1,54.085,0
20221130,855538224.2,,1669847985,0,,0
20221130,345357457.2,,1669839363,0,,0
20221130,665795725.2,,1669834879,0,,0
20221130,958307437.2,,1669847061,1,53.106,0
20221130,1812555550,,1669834302,0,,0
20221130,242768009.2,,1669834886,0,,0
20221130,1303035863,,1669851348,1,,0
20221130,1598848547,,1669841539,0,,0
20221130,408637326.2,,1669804693,1,36.406,0
20221130,1334783065,,1669796337,1,0.035,0
20221130,1649479176,,1669809684,0,,0
20221130,818927626.2,,1669793128,0,,0
20221130,521103862.2,,1669792057,0,,0
20221130,101249563.2,,1669792874,0,,0
20221130,1754444672,,1669793308,1,,0
20221130,25675312.17,,1669805446,1,17.299,0
20221130,26991564.17,,1669805706,1,6.791,0
20221130,668485107.2,,1669793475,0,,0
20221130,1482114222,,1669801062,1,10.902,0
20221130,850234770.2,,1669796745,0,,0
20221130,837539541.2,,1669811087,1,73.622,0
20221130,1133454343,,1669796057,0,,0
20221130,1972562027,,1669862377,0,,0
20221130,141031115.2,,1669862498,1,14.933,0
20221130,1414976700,,1669862546,0,6.999,0
20221130,141031115.2,Coaching with Brenda,,,,0
20221130,1008954950,,1669862972,1,2.347,0
20221130,1555772584,,1669862984,1,64.969,0
20221130,1394084218,,1669864831,0,,0
20221130,905975528.2,,1669864842,0,,0
20221129,339523705.2,,1669745762,1,9.993,0
20221129,364014346.2,,1669742599,0,,0
20221129,1497439514,,1669745062,1,8.64,0
20221129,198498700.2,,1669741887,1,13.943,0
20221129,1052998309,,1669740895,1,1.537,0
20221129,850234770.2,,1669742303,0,8.128,0
20221129,133212688.2,,1669731126,0,,0
20221129,1455365006,,1669731933,0,,0
20221129,1572372550,,1669738202,0,,0
20221129,1437366348,,1669741034,1,0.038,0
20221129,622889126.2,,1669742641,0,,0
20221129,1673246693,,1669743593,0,,0
20221129,521103862.2,,1669736904,1,,0
20221129,1264251599,,1669738718,1,26.967,0
20221129,887831405.2,,1669739166,1,5.585,0
20221129,1271120092,,1669732874,0,,0
20221129,1867734791,,1669744155,1,46.406,0
20221129,416772016.2,,1669742428,0,9.877,0
20221129,1419353023,,1669742427,0,,0
20221129,1049128397,,1669745240,0,,0
20221129,708661399.2,,1669742452,1,17.75,0
20221129,1608648711,,1669735684,1,41.877,0
20221129,2140751163,,1669740555,1,65.293,0
20221129,376876953.2,,1669742810,1,13.216,0
20221129,808829615.2,,1669743084,0,1.977,0
20221129,933951808.2,,1669773220,0,0.054,0
20221129,117837492.2,,1669768089,1,15.413,0
20221129,2015715138,,1669768110,0,3.225,0
20221129,1230687608,,1669767207,0,,0
20221129,1371689807,,1669767553,1,98.13,0
20221129,1937417551,,1669769364,1,26.269,0
20221129,1937417551,,1669772502,0,9.51,0
20221129,1303035863,,1669782814,1,321.611,0
20221129,818927626.2,,1669768863,1,165.374,0
20221129,677266733.2,,1669782231,0,3.276,0
20221129,677266733.2,,1669779783,1,51.813,0
20221129,345319476.2,,1669778460,0,7.071,0
20221129,1086767204,,1669769146,0,,0
20221129,268808590.2,,1669786249,0,0.05,0
20221129,512996049.2,,1669784605,0,,0
20221129,329219792.2,,1669785272,0,,0
20221129,246542377.2,,1669781290,0,,0
20221129,30450506.17,,1669785183,1,28.648,0
20221129,60914593.17,,1669768322,1,31.986,0
20221129,413177917.2,,1669772115,0,,0
20221129,1255236061,,1669783715,0,1.104,0
20221129,1482114222,,1669790463,1,10.005,0
20221129,2034095489,,1669790480,1,15.513,0
20221129,818927626.2,,1669765734,0,,0
20221129,1001053630,,1669753222,1,77.351,0
20221129,2052089913,,1669755732,0,3.093,0
20221129,713406749.2,,1669755751,1,25.336,0
20221129,162536239.2,,1669752673,0,1.163,0
20221129,900037923.2,,1669755889,0,,0
20221129,1084980863,,1669757528,1,12.799,0
20221129,83945781.17,,1669761369,1,40.853,0
20221129,332495869.2,,1669762277,1,149.862,0
20221129,1084980863,,1669762791,0,,0
20221129,1808186108,,1669753875,0,,0
20221129,2059781960,,1669748490,0,1.529,0
20221129,199944992.2,,1669753155,0,,0
20221129,1430202770,,1669755570,1,31.091,0
20221129,423840286.2,,1669754552,0,5.286,0
20221129,267314288.2,,1669763891,1,6.855,0
20221129,1200776407,,1669764612,0,,0
20221129,352119230.2,,1669757160,1,15.426,0
20221129,1824614119,,1669759208,0,,0
20221129,1385095850,,1669759211,0,,0
20221129,1165760385,,1669759216,0,,0
20221129,1118993115,,1669759213,0,,0
20221129,182335649.2,,1669757371,1,29.214,0
20221129,1271120092,,1669727694,0,,0
20221129,1789629904,,1669722251,0,,0
20221129,2031352290,,1669728255,1,80.637,0
20221129,1845928594,,1669715128,0,0.062,0
20221129,684491493.2,,1669716506,1,91.189,0
20221129,345357457.2,,1669718900,1,4.428,0
20221129,1557952509,,1669705140,1,46.711,0
20221129,151138950.2,,1669756828,1,20.164,0
20221129,837539541.2,,1669708457,0,,0
20221129,376876953.2,,1669723581,1,97.359,0
20221129,280912671.2,,1669728877,0,4.406,0
20221128,417714690.2,Coaching Call,,,,0
20221128,662447679.2,Coaching Call,,,,0
20221128,undefined,Coaching Call,,,,0
20221128,861226428.2,Coaching Call,,,,0
20221128,1115898988,,1669624076,1,109.658,0
20221128,159115789.2,,1669667234,0,,0
20221128,2038027294,,1669666387,0,,0
20221128,137387640.2,,1669669895,0,,0
20221128,897881291.2,,1669669156,0,,0
20221128,1822736249,,1669666134,0,,0
20221128,394078160.2,,1669664706,1,5.077,0
20221128,404457531.2,,1669664731,1,37.738,0
20221128,1593916948,,1669661247,0,,0
20221128,846778560.2,,1669664790,0,4.511,0
20221128,907195672.2,,1669668068,0,,0
20221128,953328259.2,,1669669134,0,5.304,0
20221128,516951725.2,,1669664311,1,6.141,0
20221128,1338250698,,1669664327,0,2.425,0
20221128,89480793.17,,1669663091,0,0.036,0
20221128,1915974640,,1669652380,0,,0
20221128,2039532618,,1669665026,0,,0
20221128,192408676.2,,1669663198,0,,0
20221128,1501430985,,1669669436,0,,0
20221128,380290297.2,,1669662789,0,,0
20221128,1920492602,,1669667925,0,,0
20221128,1500510564,,1669668304,1,2.046,0
20221128,1811959468,,1669665679,0,,0
20221128,1150911136,,1669666724,0,,0
20221128,881703993.2,,1669649957,0,1.56,0
20221128,399599203.2,,1669663010,0,,0
20221128,708573416.2,,1669667783,0,,0
20221128,1752353013,,1669670550,0,1.017,0
20221128,1329036847,,1669680577,1,17.262,0
20221128,1247765252,,1669680612,0,6.222,0
20221128,1286004500,,1669681570,0,,0
20221128,861226428.2,,1669687915,1,26.669,0
20221128,1704848210,,1669687982,0,4.645,0
20221128,75916029.17,,1669688526,0,1.504,0
20221128,1375897522,,1669700915,1,9.73,0
20221128,486826923.2,,1669701747,1,30.513,0
20221128,615667501.2,,1669701802,0,,0
20221128,354532980.2,,1669628656,1,54.081,0
20221128,593915080.2,,1669634038,1,13.307,0
20221128,189627872.2,,1669634104,0,6.769,0
20221128,593915080.2,,1669669329,1,9.114,0
20221128,1861828885,,1669668506,1,146.863,0
20221128,418137811.2,,1669631050,0,,0
20221128,872123672.2,,1669667647,1,,0
20221128,872123672.2,,1669662294,1,,0
20221128,1899274886,,1669670703,1,6.966,0
20221128,293693909.2,,1669652969,0,,0
20221128,258883832.2,,1669682056,1,0.063,0
20221128,1597288599,,1669664572,0,3.274,0
20221128,1976264821,,1669660567,1,26.514,0
20221128,1432264293,,1669691690,0,1.066,0
20221128,1398900335,,1669676391,0,,0
20221128,1152675833,,1669662081,0,,0
20221128,1904700304,,1669629454,0,,0
20221128,1482863680,,1669650915,0,4.291,0
20221128,1500078593,,1669663033,1,25.499,0
20221128,1842162662,,1669661167,1,74.819,0
20221128,79876839.17,,1669679942,0,,0
20221128,1027837784,,1669688153,1,159.935,0
20221128,1983901842,,1669671372,0,,0
20221128,2031352290,,1669678066,1,95.333,0
20221128,1671258518,,1669691280,1,9.659,0
20221128,924717417.2,,1669692540,0,,0
20221128,1918207966,,1669699193,0,,0
20221128,1200776407,,1669651569,0,3.367,0
20221128,1800302790,,1669648299,1,157.09,0
20221128,417714690.2,,1669643621,1,5.488,0
20221128,2118104120,,1669643643,0,,0
20221128,1881375476,,1669685572,1,3.159,0
20221128,1337653568,,1669647360,1,,0
20221128,966952768.2,,1669649148,1,4.196,0
20221128,350999279.2,,1669663859,1,7.814,0
20221128,1409724392,,1669664918,1,9.268,0
20221128,1337653568,,1669667285,1,12.644,0
20221128,1920609678,,1669648953,1,195.353,0
20221128,243239272.2,,1669668827,1,91.881,0
20221128,887542750.2,,1669672927,1,15.1,0
20221128,1557952509,,1669705140,0,,0
20221128,532381032.2,,1669641726,0,9.734,0
20221128,611729872.2,,1669646575,1,6.6,0
20221128,26452164.17,,1669648432,1,7.572,0
20221128,892256433.2,,1669668565,1,10.223,0
20221128,871362433.2,,1669669350,1,18.891,0
20221128,611729872.2,,1669649358,1,33.402,0
20221128,662447679.2,,1669660762,1,7.467,0
20221128,1310555120,,1669660785,0,1.685,0
20221128,67553932.17,,1669670237,0,1.606,0
20221128,2010125728,,1669680103,0,1.607,0
20221128,748279228.2,,1669686111,0,2.923,0
20221128,1812555550,,1669686123,1,2.493,0
20221128,1371689807,,1669686441,0,7.181,0
20221128,1296462186,,1669674150,0,,0
20221128,1049128397,,1669676457,1,6.333,0
20221128,898360715.2,,1669666818,1,16.887,0
20221128,1813337672,,1669663564,0,,0
20221128,1367897252,,1669653016,1,17.574,0
20221128,1725264126,,1669671108,1,1.035,0
20221128,623820231.2,,1669655932,0,,0
20221128,623820231.2,,1669668465,0,6.188,0
20221128,1437209611,,1669665264,0,,0
20221128,1310950114,,1669663427,1,1.574,0
20221128,1948835664,,1669663742,0,1.094,0
20221128,2059781960,,1669685327,0,1.004,0
20221128,649452924.2,,1669670006,1,0.035,0
20221128,1348631317,,1669674485,1,16.085,0
20221128,341722587.2,,1669685587,0,,0
20221128,1028239818,,1669690227,0,1.222,0
20221128,1028239818,,1669694025,1,22.353,0
20221128,1377389695,,1669694039,0,6.372,0
20221127,1716895698,Coaching Call,,,,0
20221127,1115898988,,1669554391,1,89.984,0
20221127,1448454055,,1669554452,1,23.801,0
20221127,1162985008,,1669573557,1,8.014,0
20221127,726288105.2,,1669573600,0,,0
20221127,309597120.2,,1669573602,0,,0
20221127,796408284.2,,1669573614,0,5.054,0
20221127,1579901551,,1669573690,1,8.049,0
20221127,2051654103,,1669608019,1,127.503,0
20221127,1437334307,,1669608523,0,,0
20221127,95304802.17,,1669574994,0,,0
20221127,1337653568,,1669579189,1,8.367,0
20221127,1932879658,,1669583561,0,0.029,0
20221127,122957262.2,,1669607576,1,16.874,0
20221127,1924161129,,1669549455,1,46.226,0
20221127,1032718614,,1669549466,1,14.389,0
20221127,418828306.2,,1669577739,1,1.638,0
20221127,403291517.2,,1669577815,1,318.346,0
20221127,1482114222,,1669539308,1,48.935,0
20221127,1146948174,,1669548290,0,,0
20221127,1160789584,,1669570545,0,1.55,0
20221127,1160789584,,1669577165,1,26.544,0
20221127,555959134.2,,1669588256,1,14.007,0
20221127,636771627.2,,1669588595,1,12.189,0
20221127,1988274830,,1669534762,1,9.642,0
20221127,587529904.2,,1669535777,1,7.455,0
20221127,1506337762,,1669537888,1,17.386,0
20221127,1051902202,,1669594366,1,59.417,0
20221127,2031601.166,,1669594262,1,73.901,0
20221127,2031601.166,,1669600902,0,1.283,0
20221127,358817967.2,,1669538460,1,25.786,0
20221127,358817967.2,,1669547954,1,9.576,0
20221127,1300358281,,1669557630,0,,0
20221127,1571651403,,1669546667,0,,0
20221127,822225850.2,,1669548963,1,32.191,0
20221127,886255617.2,,1669547165,0,,0
20221127,1692480303,,1669556103,0,,0
20221127,110866311.2,,1669556183,0,0.046,0
20221127,765851246.2,,1669555389,0,1.235,0
20221127,1813332468,,1669558445,0,,0
20221127,1239861794,,1669563287,0,,0
20221127,1428769388,,1669566667,0,6.264,0
20221127,1606891174,,1669568733,1,23.817,0
20221127,1193079659,,1669574604,0,,0
20221127,1190844271,,1669586944,0,,0
20221127,485793114.2,,1669588039,0,,0
20221127,704465927.2,,1669588890,0,,0
20221127,1428762747,,1669593611,1,25.876,0
20221127,1120743118,,1669595665,1,47.131,0
20221127,46576226.17,,1669601843,1,36.515,0
20221127,1913584598,,1669604556,0,,0
20221127,1871997858,,1669608185,0,,0
20221127,133851965.2,,1669556855,0,,0
20221127,1365893883,,1669556862,0,,0
20221127,1716895698,,1669560858,1,70.59,0
20221127,1992769091,,1669560948,0,5.638,0
20221127,17787749.17,,1669560997,0,,0
20221127,1481093698,,1669582869,1,61.091,0
20221127,389552959.2,,1669598891,1,5.062,0
20221127,72722244.17,,1669602464,1,19.032,0
20221127,883799345.2,,1669562919,1,17.552,0
20221127,1718279200,,1669562963,1,22.981,0
20221127,740766140.2,,1669556871,1,15.02,0
20221127,2079909891,,1669575080,1,11.755,0
20221127,808829615.2,,1669575168,0,1.186,0
20221127,1836549011,,1669585988,1,77.67,0
20221127,1243710927,,1669590018,0,,0
20221127,1823589551,,1669602126,0,,0
20221127,685408585.2,,1669566823,0,,0
20221127,260402564.2,,1669567255,1,71.259,0
20221127,1598848547,,1669575113,1,66.256,0
20221127,1899274886,,1669577293,1,16.449,0
20221127,1647680493,,1669577307,1,36.782,0
20221126,76427404.17,Coaching Call,,,,0
20221126,477309562.2,,1669466320,1,28.367,0
20221126,1160789584,,1669477602,1,79.227,0
20221126,1920420141,,1669486450,1,7.198,0
20221126,1230687608,,1669501428,1,25.15,0
20221126,1669120821,,1669501447,1,35.784,0
20221126,378258138.2,,1669470237,0,,0
20221126,1481611179,,1669474864,1,14.494,0
20221126,19975079.17,,1669476112,0,,0
20221126,97539411.17,,1669469103,1,43.411,0
20221126,232492474.2,,1669461434,0,,0
20221126,723598560.2,,1669478757,0,,0
20221126,846658927.2,,1669489692,0,0.037,0
20221126,1053839758,,1669482628,1,,0
20221126,312944630.2,,1669483177,0,0.047,0
20221126,1161952999,,1669480105,0,1.258,0
20221126,1138776474,,1669505506,0,,0
20221126,497755579.2,,1669500781,0,,0
20221126,1617173967,,1669505609,1,26.681,0
20221126,998765088.2,,1669496766,1,41.036,0
20221126,220902449.2,,1669503305,0,,0
20221126,1703091881,,1669506192,0,,0
20221126,118063573.2,,1669512492,0,0.039,0
20221126,1995474854,,1669500617,1,261.895,0
20221126,76427404.17,,1669517516,1,20.928,0
20221126,776884586.2,,1669517618,0,,0
20221126,302959981.2,,1669522043,0,,0
20221126,1792664734,,1669526932,1,21.454,0
20221126,637380307.2,,1669454003,0,,0
20221126,457519183.2,,1669488223,1,65.185,0
20221126,1811959468,,1669496410,1,129.797,0
20221126,1895270321,,1669496420,1,6.958,0
20221126,883799345.2,,1669502527,1,27.757,0
20221126,406151607.2,,1669497574,1,54.735,0
20221126,828358687.2,,1669497730,1,15.643,0
20221126,618959705.2,,1669522414,1,2.755,0
20221126,1373805721,,1669524335,0,1.432,0
20221126,1030434149,,1669524392,1,11.293,0
20221126,855538224.2,,1669473880,0,,0
20221126,855538224.2,,1669491353,1,3.847,0
20221126,611729872.2,,1669451829,1,11.844,0
20221126,593915080.2,,1669483944,0,,0
20221126,503941381.2,,1669510492,0,,0
20221126,708661399.2,,1669509502,1,45.859,0
20221126,708661399.2,,1669513134,0,,0
20221126,503941381.2,,1669513152,0,,0
20221126,708661399.2,,1669506425,1,45.697,0
20221126,503941381.2,,1669508530,0,2.828,0
20221126,503941381.2,,1669522450,0,,0
20221126,295332092.2,,1669467804,0,,0
20221126,295332092.2,,1669507970,0,,0
20221126,365032134.2,,1669477089,1,28.287,0
20221126,365032134.2,,1669487453,0,,0
20221126,1482114222,,1669479091,1,13.841,0
20221126,1337653568,,1669492728,1,10.014,0
20221126,1337653568,,1669505606,0,,0
20221126,883799345.2,,1669523095,1,35.238,0
20221126,216372269.2,,1669492521,1,130.573,0
20221126,216372269.2,,1669496824,0,,0
20221126,267314288.2,,1669491900,0,,0
20221126,267314288.2,,1669510494,0,2.755,0
20221126,820633351.2,,1669508928,1,4.775,0
20221126,1428769388,,1669504244,1,28.148,0
20221126,1428769388,,1669502106,1,78.78,0
20221125,816561507.2,,1669380998,0,,0
20221125,1404553790,,1669382400,0,,0
20221125,403541588.2,,1669363490,0,0.043,0
20221125,1402574678,,1669404832,0,,0
20221125,1839252296,,1669413693,0,,0
20221125,1033771763,,1669419149,0,,0
20221125,1158449724,,1669429349,1,,0
20221125,429224345.2,,1669408865,0,,0
20221125,790733560.2,,1669441444,0,,0
20221125,959974262.2,,1669441953,0,,0
20221125,214823022.2,,1669388917,1,95.317,0
20221125,424313869.2,,1669365925,0,,0
20221125,593915080.2,,1669403653,1,51.832,0
20221125,872123672.2,,1669399479,1,4.609,0
20221125,295332092.2,,1669429390,0,,0
20221125,220758262.2,,1669412398,0,,0
20221125,728638352.2,,1669409791,1,9.309,0
20221125,1775335655,,1669409891,0,,0
20221125,1698987252,,1669410370,1,12.13,0
20221125,1188745697,,1669421376,1,35.337,0
20221125,2009577678,,1669445783,1,56.348,0
20221125,1823589551,,1669395151,1,23.134,0
20221125,798657065.2,,1669429585,1,3.957,0
20221125,1279814342,,1669430131,0,0.009,0
20221125,798657065.2,,1669432963,0,,0
20221125,1279814342,,1669437121,0,,0
20221125,798657065.2,,1669437120,1,89.059,0
20221125,577321319.2,,1669390656,0,7.72,0
20221125,1365758716,,1669393116,0,,0
20221125,758797953.2,,1669363463,0,,0
20221125,128635495.2,,1669406723,0,,0
20221125,1445655237,,1669380054,0,,0
20221125,748040416.2,,1669365771,0,,0
20221125,1450287675,,1669401090,0,,0
20221125,1723099692,,1669397933,0,,0
20221125,1256573390,,1669412214,1,72.101,0
20221125,1417743498,,1669410478,0,0.036,0
20221125,426918562.2,,1669420235,0,,0
20221125,2051243446,,1669413251,1,,0
20221125,2093179394,,1669433774,1,69.237,0
20221125,1400652512,,1669434863,1,27.428,0
20221125,442386719.2,,1669434937,1,9.927,0
20221125,505444475.2,,1669437681,1,26.722,0
20221125,1853626135,,1669443430,0,,0
20221125,1956779238,,1669384777,1,30.295,0
20221125,1174977040,,1669420219,0,,0
20221125,603623391.2,,1669399733,1,26.624,0
20221125,1699352077,,1669399773,1,10.759,0
20221125,95304802.17,,1669432527,1,5.858,0
20221125,95304802.17,,1669439134,0,,0
20221125,345357457.2,,1669371036,0,,0
20221125,2084017228,,1669401013,0,,0
20221125,1337653568,,1669427145,1,12.008,0
20221125,855538224.2,,1669438165,1,60.88,0
20221125,855538224.2,,1669440468,1,8.057,0
20221125,855538224.2,,1669443799,0,,0
20221125,611729872.2,,1669383093,0,,0
20221125,1418865652,,1669366275,0,6.344,0
20221125,1383712924,,1669368414,1,9.547,0
20221125,808829615.2,,1669402830,0,1.313,0
20221125,820633351.2,,1669426689,0,,0
20221125,1338750244,,1669390639,1,18.468,0
20221125,14367079.17,,1669426487,0,,0
20221125,290794587.2,,1669431088,0,0.016,0
20221124,1938315878,Traffic to Income™ Application interview,,,,1
20221124,639847758.2,,1669348610,1,37.601,0
20221124,441077906.2,,1669317554,0,,0
20221124,1072606940,,1669328576,1,24.727,0
20221124,693176211.2,,1669321355,1,2.046,0
20221124,1098134051,,1669321324,1,,0
20221124,2104943981,,1669345475,1,106.376,0
20221124,693176211.2,,1669333971,0,,0
20221124,1264836619,,1669323576,0,,0
20221124,1634016258,,1669356286,1,17.143,0
20221124,665795725.2,,1669345731,1,,0
20221124,1425892521,,1669330231,0,,0
20221124,190741617.2,,1669332104,0,2.085,0
20221124,1021925360,,1669323409,0,,0
20221124,555544656.2,,1669282406,0,,0
20221124,1594473546,,1669282445,0,,0
20221124,544396180.2,,1669342575,0,7.608,0
20221124,933951808.2,,1669328295,0,0.008,0
20221124,1356496512,,1669325659,1,130.816,0
20221124,1026178708,,1669344901,1,5.368,0
20221124,1429952810,,1669275377,0,,0
20221124,1722984719,,1669320039,0,2.458,0
20221124,1429952810,,1669320085,1,57.892,0
20221124,1234038929,,1669357720,0,,0
20221124,588727809.2,,1669305136,0,2.102,0
20221124,1925811960,,1669290461,0,,0
20221124,1621578712,,1669296146,0,7.63,0
20221124,246888393.2,,1669319638,0,7.602,0
20221124,1044935416,,1669356009,0,,0
20221124,467479250.2,,1669340619,0,0.041,0
20221124,829677997.2,,1669340809,1,,0
20221124,363246763.2,,1669341144,0,,0
20221124,1802375237,,1669302314,0,,0
20221124,1847174146,,1669314603,1,13.362,0
20221124,1803402815,,1669296954,0,,0
20221124,1495929308,,1669334276,0,,0
20221124,940794508.2,,1669277630,0,,0
20221124,199944992.2,,1669316249,1,31.696,0
20221124,870255834.2,,1669316292,1,26.025,0
20221124,2084017228,,1669336041,0,,0
20221124,1256940341,,1669279558,1,35.181,0
20221124,1256940341,,1669276148,1,54.25,0
20221124,1939767775,,1669353958,0,,0
20221124,675316458.2,,1669286712,1,,0
20221124,13275994.17,,1669289133,0,,0
20221124,1475674236,,1669336012,0,,0
20221124,296891253.2,,1669324144,1,7.167,0
20221124,341401731.2,,1669324164,0,,0
20221124,1571942522,,1669301715,0,,0
20221124,1026352088,,1669309182,0,,0
20221124,708661399.2,,1669343088,1,4.508,0
20221124,708661399.2,,1669335320,0,,0
20221124,708661399.2,,1669349229,1,228.052,0
20221124,611729872.2,,1669352832,1,14.254,0
20221124,1077452056,,1669276099,1,84.851,0
20221124,729185783.2,,1669289765,1,26.517,0
20221124,1938315878,,1669276120,1,519.941,0
20221124,2116635913,,1669317767,1,31.427,0
20221124,424313869.2,,1669310422,0,,0
20221124,1264404758,,1669310124,0,,0
20221124,424313869.2,,1669356920,0,,0
20221123,2003441895,Traffic to Income™ Application interview,,,,1
20221123,342752854.2,,1669230544,0,6.25,0
20221123,14367079.17,,1669257203,1,320.555,0
20221123,1077452056,,1669188551,1,56.475,0
20221123,1938315878,,1669188668,1,43.055,0
20221123,236867245.2,,1669211803,0,,0
20221123,236867245.2,,1669219502,0,,0
20221123,544862914.2,,1669241770,0,7.596,0
20221123,729185783.2,,1669244506,1,26.703,0
20221123,480922669.2,,1669244128,1,6.768,0
20221123,484693143.2,,1669226398,0,7.618,0
20221123,1532578904,,1669259956,1,27.417,0
20221123,1912861015,,1669190780,0,,0
20221123,1340052293,,1669194101,1,19.206,0
20221123,818927626.2,,1669194522,1,145.103,0
20221123,684415757.2,,1669216120,1,10.866,0
20221123,821135314.2,,1669217192,1,14.592,0
20221123,1026352088,,1669223707,1,8.389,0
20221123,684415757.2,,1669225270,0,,0
20221123,1951975247,,1669235386,0,7.135,0
20221123,377399518.2,,1669246306,1,37.817,0
20221123,584825017.2,,1669272502,1,19.529,0
20221123,1372905234,,1669204640,1,134.361,0
20221123,2030182721,,1669186931,0,1.004,0
20221123,687191992.2,,1669190572,1,9.8,0
20221123,148103908.2,,1669190729,1,36.579,0
20221123,2003441895,,1669191145,1,143.447,0
20221123,2003441895,,1669194613,0,2.521,0
20221123,868297256.2,,1669194622,0,,0
20221123,449975280.2,,1669213684,1,28.362,0
20221123,1777107297,,1669206906,0,,0
20221123,368822247.2,,1669224736,0,,0
20221123,2054387561,,1669217356,0,,0
20221123,12999561.17,,1669205541,0,2.398,0
20221123,552273158.2,,1669218687,0,,0
20221123,2048889027,,1669218953,1,14.716,0
20221123,11168896.17,,1669218968,1,29.198,0
20221123,1593118915,,1669227555,0,,0
20221123,63281167.17,,1669231661,1,30.077,0
20221123,1705804861,,1669228886,1,32.578,0
20221123,220647029.2,,1669230198,1,1.91,0
20221123,40050197.17,,1669231557,1,35.399,0
20221123,26800195.17,,1669229486,0,,0
20221123,1286492591,,1669241247,0,,0
20221123,1237955798,,1669234454,1,23.883,0
20221123,1203000716,,1669235922,0,,0
20221123,1722721728,,1669239514,0,,0
20221123,2009003733,,1669241396,1,60.694,0
20221123,8226956.167,,1669262855,0,,0
20221123,564544945.2,,1669249425,0,,0
20221123,1833552270,,1669249481,1,22.877,0
20221123,1428769388,,1669249569,1,222.122,0
20221123,928861554.2,,1669266805,1,32.619,0
20221123,1606891174,,1669267686,0,,0
20221123,1361727035,,1669269555,1,49.406,0
20221123,69996234.17,,1669216508,0,,0
20221123,828339695.2,,1669211061,0,,0
20221123,99852983.17,,1669246585,1,49.276,0
20221123,1010327419,,1669207298,0,0.135,0
20221123,816888258.2,,1669192227,1,20.846,0
20221123,1249904055,,1669248019,1,25.078,0
20221123,1787217380,,1669247629,0,,0
20221123,1201017723,,1669216041,0,,0
20221123,1700584324,,1669242114,0,,0
20221123,2028256809,,1669189887,0,,0
20221123,197476204.2,,1669230511,1,5.345,0
20221123,47081816.17,,1669272954,1,25.484,0
20221123,415122595.2,,1669201943,0,,0
20221123,1638310766,,1669233914,0,1.653,0
20221123,899882398.2,,1669233932,1,10.651,0
20221123,1638310766,,1669244752,0,,0
20221123,1771086875,,1669224559,0,,0
20221123,1556092893,,1669212140,0,2.654,0
20221123,800095515.2,,1669212124,1,2.881,0
20221123,2083755153,,1669235370,0,,0
20221123,1023884705,,1669239530,1,3.431,0
20221123,1635008882,,1669198347,1,49.492,0
20221123,1077452056,,1669197387,1,28.615,0
20221123,1077452056,,1669244403,1,23.254,0
20221123,2084017228,,1669228328,1,330.85,0
20221123,708661399.2,,1669266456,1,17.172,0
20221123,1384932084,,1669237942,1,15.705,0
20221123,381827603.2,,1669185791,1,99.696,0
20221123,480922669.2,,1669252900,1,11.733,0
20221123,480922669.2,,1669265433,1,13.75,0
20221123,1614063787,,1669239733,0,,0
20221123,818927626.2,,1669248748,1,4.37,0
20221123,195235761.2,Traffic to Income™ Application interview,,,,1
20221123,554833600.2,,1669216049,0,,0
20221123,376876953.2,,1669220307,0,,0
20221123,364633690.2,,1669240845,0,5.176,0
20221123,264497179.2,,1669231147,1,2.832,0
20221123,1251860364,,1669205527,1,7.097,0
20221123,195235761.2,,1669228893,1,108.866,0
20221123,428166917.2,,1669238026,0,5.149,0
20221123,1771330011,,1669215833,1,37.573,0
20221123,166639235.2,,1669223748,1,3.879,0
20221122,133143818.2,Traffic to Income™ Application interview,,,,1
20221122,593915080.2,,1669127957,1,31.229,0
20221122,189627872.2,,1669144256,0,3.434,0
20221122,1096773568,,1669101106,0,1.926,0
20221122,1948698287,,1669146315,0,4.829,0
20221122,1285603832,,1669146245,0,,0
20221122,1604069233,,1669129980,0,,0
20221122,472954751.2,,1669141348,0,3.24,0
20221122,1392010826,,1669158412,1,47.717,0
20221122,588439268.2,,1669158879,1,14.684,0
20221122,1065395031,,1669172677,0,,0
20221122,1156220358,,1669167842,0,7.597,0
20221122,73365399.17,,1669121611,1,13.453,0
20221122,374464171.2,,1669132878,0,,0
20221122,1146948174,,1669133822,1,22.091,0
20221122,1436336204,,1669130438,0,1.244,0
20221122,1436336204,,1669132744,0,,0
20221122,345357457.2,,1669127161,1,21.322,0
20221122,1764908371,,1669128827,0,,0
20221122,1764908371,,1669126591,1,25.869,0
20221122,267507336.2,,1669137570,1,86.006,0
20221122,267507336.2,,1669144813,1,70.071,0
20221122,354532980.2,,1669138283,1,68.025,0
20221122,56285757.17,,1669145129,0,5.465,0
20221122,2140751163,,1669177659,0,4.681,0
20221122,1648746239,,1669157483,1,2.716,0
20221122,873993964.2,,1669157493,0,4.066,0
20221122,77162407.17,,1669132845,1,111.824,0
20221122,1034690412,,1669104128,0,,0
20221122,1266940878,,1669146092,0,,0
20221122,1300358281,,1669146378,0,,0
20221122,1897101901,,1669142310,1,,0
20221122,1897101901,,1669145350,1,25.531,0
20221122,968669421.2,,1669145546,0,2.266,0
20221122,215687657.2,,1669113961,1,17.292,0
20221122,932909651.2,,1669113982,1,6.326,0
20221122,1831405331,,1669139307,1,91.353,0
20221122,335636034.2,,1669123314,0,,0
20221122,2119561804,,1669137141,0,1.146,0
20221122,1920609678,,1669128323,1,197.882,0
20221122,2084017228,,1669145410,1,23.424,0
20221122,940794508.2,,1669177853,0,9.895,0
20221122,526937107.2,,1669178211,1,7.305,0
20221122,1193518446,,1669183537,0,7.591,0
20221122,468436011.2,,1669112484,0,8.224,0
20221122,1419353023,,1669132637,1,78.011,0
20221122,2125394021,,1669141214,0,2.556,0
20221122,634741429.2,,1669141681,1,5.872,0
20221122,1861828885,,1669133137,1,12.684,0
20221122,352119230.2,,1669134400,0,6.107,0
20221122,298858942.2,,1669154230,0,,0
20221122,1447285609,,1669148472,0,4.09,0
20221122,264497179.2,,1669155963,1,6.924,0
20221122,112500867.2,,1669145351,1,6.064,0
20221122,634741429.2,,1669145468,1,19.285,0
20221122,634741429.2,,1669154699,1,39.405,0
20221122,377393869.2,,1669144863,0,,0
20221122,967293201.2,,1669165681,1,8.746,0
20221122,492720483.2,,1669162501,1,18.923,0
20221122,708661399.2,,1669182359,1,38.153,0
20221122,708661399.2,,1669185009,0,,0
20221122,1516780216,,1669113083,0,,0
20221122,1782884752,,1669117483,0,,0
20221122,382430342.2,,1669119637,1,44.338,0
20221122,604331979.2,,1669116419,0,5.029,0
20221122,1899632002,,1669118610,1,64.026,0
20221122,1109892021,,1669110465,1,23.615,0
20221122,1899632002,,1669126542,1,44.709,0
20221122,1885598999,,1669126624,0,,0
20221122,401419312.2,,1669125225,1,49.505,0
20221122,839399344.2,,1669147076,0,,0
20221122,839399344.2,,1669144441,0,2.102,0
20221122,709608646.2,,1669144278,0,,0
20221122,1219365098,,1669145462,1,0.06,0
20221122,1285846341,,1669149284,1,30.494,0
20221122,372041800.2,,1669152386,0,,0
20221122,1282241276,,1669174941,0,,0
20221122,217484973.2,,1669162666,0,,0
20221122,1991345267,,1669162750,0,,0
20221122,12268054.17,,1669170741,0,,0
20221122,872123672.2,,1669165430,1,37.106,0
20221122,2146243868,,1669178483,1,98.014,0
20221122,10724731.17,,1669178828,0,2.33,0
20221122,1306102950,,1669169212,0,,0
20221122,676844718.2,,1669175569,1,48.287,0
20221122,1306102950,,1669171815,0,,0
20221122,922704287.2,,1669178168,1,10.547,0
20221122,2030959315,,1669164609,0,,0
20221122,1055142195,,1669181581,0,0.038,0
20221122,195145128.2,,1669185472,0,,0
20221122,846363342.2,,1669153711,0,,0
20221122,981492504.2,,1669149774,0,,0
20221122,1380578302,,1669131788,0,,0
20221122,51861170.17,,1669159723,0,,0
20221122,815212920.2,,1669179456,0,1.979,0
20221122,133143818.2,,1669180057,1,98.82,0
20221122,1185694734,,1669177143,1,74.027,0
20221122,2050605596,,1669152629,1,50.477,0
20221122,1120578017,,1669181695,0,,0
20221122,1660356359,,1669159768,0,,0
20221122,295713510.2,,1669176928,0,1.029,0
20221122,738242673.2,,1669176944,0,3.225,0
20221122,1937001078,,1669120835,0,,0
20221122,634563874.2,,1669156223,1,43.031,0
20221122,381827603.2,,1669160519,1,31.122,0
20221122,381827603.2,,1669185791,1,168.827,0
20221122,1479917966,,1669186060,1,5.846,0
20221122,2049240625,,1669115922,0,1.452,0
20221121,1761761692,,1669061559,0,7.617,0
20221121,271314384.2,,1669064804,1,21.411,0
20221121,741149540.2,,1669085763,0,,0
20221121,549274364.2,,1669046131,0,1.109,0
20221121,2006141933,,1669053256,0,,0
20221121,1992420623,,1669060881,0,,0
20221121,453300867.2,,1669017815,0,,0
20221121,697228749.2,,1669014022,0,,0
20221121,1077429621,,1669041900,0,7.876,0
20221121,1146948174,,1669041917,1,71.891,0
20221121,1662145520,,1669050037,0,,0
20221121,211643380.2,,1669019360,1,87.434,0
20221121,1293969116,,1669034235,0,,0
20221121,239038888.2,,1669080471,0,,0
20221121,1440827386,,1669016020,1,63.797,0
20221121,1440827386,,1669020490,1,15.378,0
20221121,1263370218,,1669033696,1,14.649,0
20221121,264438756.2,,1669091994,1,14.02,0
20221121,480248052.2,,1669092058,0,,0
20221121,418828306.2,,1669059931,1,24.125,0
20221121,672469582.2,,1669024579,1,,0
20221121,409179152.2,,1669062796,1,41.568,0
20221121,1034292848,,1669086598,1,111.093,0
20221121,1225559178,,1669055949,1,29.717,0
20221121,1423697868,,1669055961,1,15.419,0
20221121,208607978.2,,1669094176,0,,0
20221121,15025615.17,,1669043025,1,8.955,0
20221121,842467571.2,,1669063321,0,,0
20221121,1638412649,,1669063329,0,,0
20221121,1160719239,,1669063442,0,,0
20221121,497410224.2,,1669065509,0,3.193,0
20221121,494864226.2,,1669063337,0,,0
20221121,1907150510,,1669063324,1,17.992,0
20221121,1958120378,,1669063335,0,,0
20221121,25583449.17,,1669063353,1,31.728,0
20221121,600194069.2,,1669063498,1,17.619,0
20221121,1675273259,,1669063339,0,,0
20221121,462303541.2,,1669063330,0,,0
20221121,1739011574,,1669063339,0,,0
20221121,1345316736,,1669063311,1,37.075,0
20221121,1404972483,,1669063328,0,,0
20221121,419346105.2,,1669063367,0,,0
20221121,1418124354,,1669063323,0,,0
20221121,1482021508,,1669063326,1,48.964,0
20221121,1378139821,,1669063333,0,,0
20221121,1006042613,,1669063336,1,59.252,0
20221121,972068126.2,,1669063348,1,29.951,0
20221121,330148104.2,,1669063334,1,29.35,0
20221121,2001017089,,1669063343,0,,0
20221121,1172352701,,1669022685,1,1.03,0
20221121,266415478.2,,1669022797,1,16.243,0
20221121,1988777711,,1669065861,0,3.899,0
20221121,1518759506,,1669085534,0,0.045,0
20221121,1518759506,,1669082524,1,96.668,0
20221121,2006674413,,1669035152,1,0.032,0
20221121,1577144053,,1669019749,1,9.618,0
20221121,1784731933,,1669019843,1,11.326,0
20221121,780819879.2,,1669015945,1,10.529,0
20221121,419416006.2,,1669027275,1,1.368,0
20221121,1001184291,,1669047210,0,1.272,0
20221121,2124354428,,1669047215,0,,0
20221121,1740060078,,1669039344,0,,0
20221121,1986511234,,1669053189,1,106.192,0
20221121,490370216.2,,1669053268,1,8.027,0
20221121,1816428887,,1669064314,1,9.019,0
20221121,2008872347,,1669064341,1,85.534,0
20221121,1693266648,,1669073907,0,,0
20221121,971492926.2,,1669074158,0,,0
20221121,1765344677,,1669087543,1,0.044,0
20221121,1781140185,,1669090905,0,,0
20221121,1724392790,,1669087328,0,,0
20221121,12268054.17,,1669059258,0,0.054,0
20221121,8573895.167,,1669059285,1,12.554,0
20221121,1640251868,,1669077112,1,24.674,0
20221121,1363659325,,1669077163,1,23.054,0
20221121,1576101099,,1669061161,0,,0
20221121,2068831389,,1669062953,0,0.043,0
20221121,1236374202,,1669053858,0,,0
20221121,322097536.2,,1669060830,0,,0
20221121,1046046687,,1669022361,1,15.339,0
20221121,1293921678,,1669063558,1,57.873,0
20221121,861974512.2,,1669064039,1,17.145,0
20221121,1422324832,,1669069874,0,,0
20221121,353922732.2,,1669073003,0,,0
20221121,1023450298,,1669092357,0,0.039,0
20221121,1395623608,,1669099654,0,,0
20221121,995549768.2,,1669042867,1,50.235,0
20221121,995549768.2,,1669045538,0,,0
20221121,35998531.17,,1669073507,1,23.146,0
20221121,157589683.2,,1669074345,0,1.934,0
20221121,922787672.2,,1669020298,0,,0
20221121,1838971631,,1669021905,1,22.105,0
20221121,725227309.2,,1669027705,0,,0
20221121,1574519100,,1669027709,1,99.629,0
20221121,576331391.2,,1669046851,1,6.046,0
20221121,381203623.2,,1669046873,0,3.084,0
20221121,277454118.2,,1669043093,1,8.109,0
20221121,277454118.2,,1669045110,0,9.03,0
20221121,1614063787,,1669051059,1,4.109,0
20221121,280912671.2,,1669051252,0,,0
20221121,1596930487,,1669058385,1,101.309,0
20221121,1295752648,,1669061176,1,36.714,0
20221121,573514540.2,,1669055084,0,,0
20221121,284867269.2,,1669065603,1,54.238,0
20221121,1261204552,,1669065613,1,47.056,0
20221121,29273400.17,,1669070044,1,61.004,0
20221121,872123672.2,,1669055842,1,7.48,0
20221121,1440827386,,1669031389,1,28.791,0
20221121,1716895698,,1669039517,0,,0
20221121,1716895698,,1669051614,0,,0
20221121,922704287.2,,1669090995,0,,0
20221121,922704287.2,,1669100251,0,,0
20221121,2146243868,,1669013519,1,11.243,0
20221121,2146243868,,1669048826,1,24.275,0
20221121,2146243868,,1669052148,0,,0
20221121,2146243868,,1669058986,0,,0
20221121,2146243868,,1669063466,1,43.452,0
20221121,162536239.2,,1669064818,0,1.219,0
20221121,2146243868,,1669079440,1,12.007,0
20221121,317303208.2,,1669063770,1,12.3,0
20221121,1521130810,,1669065880,0,,0
20221121,1521130810,,1669054686,1,21.511,0
20221121,708661399.2,,1669096490,1,47.233,0
20221121,545262819.2,,1669064535,0,,0
20221121,1337653568,,1669077217,1,37.438,0
20221121,1764908371,,1669032847,0,,0
20221121,1764908371,,1669058867,0,,0
20221121,1764908371,,1669054642,1,,0
20221121,35998531.17,,1669085242,1,10.733,0
20221121,1867415699,,1669013221,1,12.181,0
20221121,1367948571,,1669045560,0,9.358,0
20221121,1595272496,,1669053665,0,,0
20221121,1295752648,,1669068407,0,,0
20221121,67553932.17,,1669069093,0,1.961,0
20221121,1812555550,,1669056729,0,,0
20221121,837539541.2,,1669020487,0,,0
20221121,1910359991,,1669048343,1,60.001,0
20221121,940794508.2,,1669091770,0,,0
20221121,376876953.2,,1669026449,1,,0
20221121,1930293717,,1669044232,0,,0
20221121,26452164.17,,1669076270,1,2.806,0
20221121,157589683.2,,1669085244,0,,0
20221120,643429494.2,,1668932465,1,19.994,0
20221120,1128263587,,1669000952,0,,0
20221120,291391964.2,,1668943654,0,,0
20221120,2027768893,,1668985173,0,0.039,0
20221120,1076644547,,1668943387,0,,0
20221120,837539541.2,,1668949471,1,27.245,0
20221120,837539541.2,,1668941908,0,,0
20221120,1125287733,,1668953530,0,,0
20221120,837539541.2,,1669008156,0,,0
20221120,837539541.2,,1669004604,1,,0
20221120,635211996.2,,1669007282,0,,0
20221120,1556695887,,1668967800,1,3.627,0
20221120,455663728.2,,1668987160,0,,0
20221120,170803723.2,,1668983645,0,,0
20221120,1764908371,,1669011445,1,40.296,0
20221120,1340558262,,1668968597,0,,0
20221120,502288586.2,,1668940248,0,3.184,0
20221120,1261260637,,1668975322,0,,0
20221120,1592664160,,1668945885,0,0.064,0
20221120,97280117.17,,1668948336,1,0.039,0
20221120,568128657.2,,1668979698,0,,0
20221120,1610269571,,1668975499,0,0.053,0
20221120,276413019.2,,1668963780,1,10.186,0
20221120,1827370139,,1668963912,0,,0
20221120,1016184807,,1668970987,0,,0
20221120,919369040.2,,1668983757,1,,0
20221120,2058130632,,1668984245,1,36.297,0
20221120,1398326755,,1668930091,1,78.666,0
20221120,1628812906,,1668982046,0,5.782,0
20221120,810788707.2,,1668982098,1,16.898,0
20221120,1531123860,,1668930906,1,29.266,0
20221120,922787672.2,,1669003810,0,,0
20221120,519444589.2,,1668930114,1,63.002,0
20221120,123642558.2,,1668945357,0,,0
20221120,1394499690,,1668956328,0,0.053,0
20221120,1509611701,,1668971469,1,67.931,0
20221120,1331009280,,1668968122,1,,0
20221120,1444194454,,1668963474,0,,0
20221120,2124306642,,1668971458,0,,0
20221120,1524264772,,1668966894,0,,0
20221120,1092394021,,1668989902,1,85.394,0
20221120,1588125507,,1668991859,0,,0
20221120,687573140.2,,1668992465,1,61.263,0
20221120,1665049257,,1668992624,1,16.036,0
20221120,1202622130,,1668979020,0,,0
20221120,1819739718,,1668979606,0,,0
20221120,1584161391,,1668982354,0,1.285,0
20221120,213042286.2,,1668982362,1,6.022,0
20221120,1484431508,,1668987769,1,98.807,0
20221120,620335457.2,,1668983642,1,2.808,0
20221120,1939828172,,1669003859,0,1.371,0
20221120,65410852.17,,1669003871,0,2.726,0
20221120,718244170.2,,1669001534,0,,0
20221120,1670336632,,1668996962,0,,0
20221120,1106676673,,1669008763,0,2.586,0
20221120,911368039.2,,1669008775,0,2.447,0
20221120,1449884174,,1668995967,1,15.127,0
20221120,488413167.2,,1668962916,0,,0
20221120,872123672.2,,1668966881,1,1.107,0
20221120,872123672.2,,1668981535,0,,0
20221120,872123672.2,,1668977434,0,,0
20221120,872123672.2,,1669003205,1,,0
20221120,872123672.2,,1669006239,0,,0
20221120,448841621.2,,1668945023,1,20.721,0
20221120,1276684275,,1668991970,0,,0
20221120,145636622.2,,1668983429,1,149.464,0
20221120,364795391.2,,1668996918,0,,0
20221120,2146243868,,1669013519,1,11.646,0
20221120,182441335.2,,1668991356,1,28.092,0
20221120,519337433.2,,1668990396,0,4.836,0
20221120,519337433.2,,1668984988,0,,0
20221120,976309825.2,,1668986942,1,46.164,0
20221120,1256819099,,1668987050,1,6.986,0
20221120,1515323651,,1669004175,0,,0
20221120,1302346666,,1669013905,0,,0
20221120,1187036885,,1668948290,0,,0
20221120,754573366.2,,1668929256,1,81.179,0
20221120,175978636.2,,1668935305,0,,0
20221120,1598910717,,1668945172,0,,0
20221120,2029007837,,1668939725,0,0.025,0
20221120,248142582.2,,1668960490,1,,0
20221120,142367775.2,,1668962895,1,156.668,0
20221120,1467725795,,1668962920,1,7.676,0
20221120,516262763.2,,1668971235,0,,0
20221120,1728285218,,1668990252,0,0.051,0
20221120,1190065184,,1668979043,0,,0
20221120,1998194430,,1668980646,1,154.329,0
20221120,452270474.2,,1668981507,0,0.046,0
20221120,1665202338,,1668978203,1,21.172,0
20221120,1879811077,,1668983806,0,,0
20221120,838963064.2,,1668983985,0,,0
20221120,1227167878,,1668984060,1,13.77,0
20221120,1537985343,,1668994596,1,89.203,0
20221120,299108965.2,,1669007237,0,1.171,0
20221120,1039180319,,1669013583,1,1.151,0
20221120,1074386597,,1668942234,1,49.988,0
20221120,379606500.2,,1669005989,1,19.86,0
20221120,1930293717,,1668977455,1,465.243,0
20221120,288019542.2,,1668983667,1,9.459,0
20221120,317303208.2,,1668971294,1,,0
20221120,1932879658,,1668956286,0,0.011,0
20221120,67553932.17,,1668969080,1,13.548,0
20221120,708661399.2,,1668992461,1,29.089,0
20221120,1867415699,,1668999115,1,7.585,0
20221120,1236240312,,1668999523,1,13.074,0
20221120,317303208.2,,1668999732,1,16.751,0
20221120,1812555550,,1668999771,1,67.537,0
20221120,748279228.2,,1668999779,1,94.675,0
20221120,1418865652,,1669007389,1,395.139,0
20221120,1867415699,,1669013221,1,21.815,0
20221120,2068748504,,1669013227,1,16.802,0
20221120,229606463.2,,1668981404,0,,0
20221120,1509611701,Black Friday TTI Admissions,,,,0
20221120,748279228.2,Traffic to Income™ Application interview,,,,1
20221120,2068748504,Traffic to Income™ Application interview,,,,1
20221119,753049028.2,Traffic to Income™ Application interview,,,,1
20221119,undefined,Coaching with Brenda,,,,0
20221119,1933191506,,1668873060,1,20.958,0
20221119,348825383.2,,1668862114,0,1.317,0
20221119,753049028.2,,1668862123,1,70.179,0
20221119,1516780216,,1668881461,0,,0
20221119,533516172.2,,1668920649,1,17.806,0
20221119,2072691810,,1668920663,1,9.989,0
20221119,307340493.2,,1668898444,1,15.359,0
20221119,307340493.2,,1668894223,1,105.261,0
20221119,288892937.2,,1668894334,1,27.004,0
20221119,1449417302,,1668879170,1,144.901,0
20221119,1211382938,,1668879330,0,8.701,0
20221119,2106334846,,1668881413,0,,0
20221119,398132537.2,,1668857276,1,42.605,0
20221119,1398326755,,1668927265,1,33.991,0
20221119,1764908371,,1668871055,0,0.716,0
20221119,1291640953,,1668914546,1,42.994,0
20221119,953397394.2,,1668890487,0,,0
20221119,79686750.17,,1668857251,0,0.047,0
20221119,640750447.2,,1668857269,1,39.4,0
20221119,239291075.2,,1668883948,1,19.311,0
20221119,1944412051,,1668880564,0,6.381,0
20221119,487410844.2,,1668880564,0,,0
20221119,1518908370,,1668909016,1,9.099,0
20221119,337989970.2,,1668913710,1,12.646,0
20221119,633178298.2,,1668898915,0,7.562,0
20221119,1636022144,,1668879837,0,,0
20221119,1175562401,,1668887948,0,,0
20221119,1180628776,,1668888267,1,50.525,0
20221119,1591950907,,1668876909,1,9.537,0
20221119,210260105.2,,1668884706,0,,0
20221119,1603376019,,1668907143,1,11.768,0
20221119,1603376019,,1668919550,0,,0
20221119,668944728.2,,1668843183,1,11.102,0
20221119,509141788.2,,1668871493,0,,0
20221119,1953119856,,1668885733,0,,0
20221119,1958448880,,1668857502,1,17.736,0
20221119,1015339186,,1668857593,1,5.396,0
20221119,1115558258,,1668877994,0,,0
20221119,1115558258,,1668880502,0,,0
20221119,842317123.2,,1668887012,1,18.66,0
20221119,713337542.2,,1668875409,1,3.45,0
20221119,990486338.2,,1668875441,1,29.855,0
20221119,1098814770,,1668896961,0,1.651,0
20221119,365236928.2,,1668898208,0,,0
20221119,1984148980,,1668897556,0,,0
20221119,1720527534,,1668892598,0,,0
20221119,844439022.2,,1668915269,1,12.871,0
20221119,1660518677,,1668907468,0,,0
20221119,1247603279,,1668920011,1,312.683,0
20221119,1148666317,,1668923341,1,12.078,0
20221119,1944590182,,1668926112,0,,0
20221119,1337443.167,,1668886118,0,1.398,0
20221119,365032134.2,,1668849788,1,65.464,0
20221119,554833600.2,,1668849829,1,4.775,0
20221119,848616585.2,,1668886359,1,65.043,0
20221119,848616585.2,,1668906345,1,35.651,0
20221119,771529951.2,,1668870752,1,15.75,0
20221119,121803487.2,,1668870567,1,7.639,0
20221119,575548117.2,,1668904914,1,6.46,0
20221119,575548117.2,,1668895609,1,27.279,0
20221119,2042993433,,1668907572,1,497.622,0
20221119,1465180560,,1668896244,1,18.944,0
20221119,762977643.2,,1668886608,1,83.231,0
20221119,611729872.2,,1668887840,1,110.262,0
20221119,708661399.2,,1668891703,1,52.227,0
20221119,708661399.2,,1668896196,0,,0
20221119,242768009.2,,1668896220,0,,0
20221119,708661399.2,,1668922353,0,5.876,0
20221119,1979494459,,1668877204,1,49.059,0
20221119,390522890.2,,1668886430,1,21.16,0
20221118,1624357963,Coaching with Brenda,,,,0
20221118,1431688207,,1668767228,1,69.932,0
20221118,265633843.2,,1668767238,1,7.878,0
20221118,784945914.2,,1668780040,0,,0
20221118,133314822.2,,1668758740,0,,0
20221118,1884789121,,1668762820,0,,0
20221118,1502134699,,1668807726,0,,0
20221118,240965295.2,,1668800982,1,21.64,0
20221118,1624357963,,1668823719,1,32.193,0
20221118,982778793.2,,1668816131,0,1.905,0
20221118,1074121270,,1668788557,1,38.103,0
20221118,366354333.2,,1668790911,0,,0
20221118,1084618971,,1668768641,1,333.06,0
20221118,1328452208,,1668760880,0,,0
20221118,1832112165,,1668762578,0,,0
20221118,817628592.2,,1668774851,0,1.36,0
20221118,151920072.2,,1668795064,1,46.588,0
20221118,552605422.2,,1668787628,0,,0
20221118,2131803870,,1668792483,0,1.266,0
20221118,691173282.2,,1668791158,0,,0
20221118,470624450.2,,1668789289,0,,0
20221118,1585129243,,1668790626,1,52.473,0
20221118,1843191363,,1668778214,0,,0
20221118,1059834204,,1668781032,0,,0
20221118,1184959684,,1668806793,0,5.041,0
20221118,718579113.2,,1668800216,1,8.52,0
20221118,1591903167,,1668804368,0,,0
20221118,411751748.2,,1668805607,0,,0
20221118,411751748.2,,1668807566,0,,0
20221118,2084651565,,1668809897,1,21.701,0
20221118,1894263056,,1668804291,0,,0
20221118,2146243868,,1668822393,1,27.809,0
20221118,2146243868,,1668827280,0,,0
20221118,1813083010,,1668814633,1,20.937,0
20221118,2125459574,,1668821616,0,,0
20221118,1217129832,,1668818643,1,51.093,0
20221118,958307437.2,,1668819733,0,,0
20221118,1493989564,,1668825683,0,,0
20221118,1463188313,,1668826404,0,,0
20221118,922704287.2,,1668832317,1,109.565,0
20221118,1918996633,,1668832481,0,2.805,0
20221118,2028012353,,1668833365,0,,0
20221118,874357744.2,,1668835448,0,1.099,0
20221118,1401582073,,1668837110,1,56.6,0
20221118,1256940341,,1668838021,0,,0
20221118,29273400.17,,1668794409,1,4.968,0
20221118,1886275515,,1668786501,0,,0
20221118,29273400.17,,1668810827,0,,0
20221118,178197049.2,,1668802513,0,7.354,0
20221118,2077295335,,1668764517,0,,0
20221118,1561952091,,1668822451,0,3.62,0
20221118,1125287733,,1668765540,1,1.159,0
20221118,1814156108,,1668761565,1,2.869,0
20221118,127137103.2,,1668761571,0,4.077,0
20221118,1402394681,,1668777802,1,8.281,0
20221118,912399676.2,,1668793808,1,2.496,0
20221118,1194355594,,1668793815,1,11.55,0
20221118,1329502034,,1668796611,0,0.028,0
20221118,1329502034,,1668809630,1,3.165,0
20221118,547183334.2,,1668839267,1,84.371,0
20221118,1979494459,,1668840306,1,185.523,0
20221118,837539541.2,,1668773208,1,22.876,0
20221118,837539541.2,,1668776322,1,11.256,0
20221118,111787599.2,,1668776342,1,24.596,0
20221118,933951808.2,,1668801744,0,0.023,0
20221118,940794508.2,,1668764069,0,,0
20221118,545262819.2,,1668805147,1,230.406,0
20221118,847948319.2,,1668805540,1,16.474,0
20221118,1910359991,,1668823987,0,2.638,0
20221118,1191915501,,1668827728,1,22.232,0
20221118,152293192.2,,1668798160,0,3.201,0
20221118,1653579599,,1668825011,0,,0
20221118,1383928745,,1668757008,0,,0
20221118,1595272496,,1668804733,1,183.462,0
20221118,1235564878,,1668765734,0,,0
20221118,1968691222,,1668785028,0,,0
20221118,1968691222,,1668779739,0,4.115,0
20221118,1146982432,,1668786399,1,72.031,0
20221118,1231791541,,1668791665,0,,0
20221118,1745876876,,1668791670,0,,0
20221118,2108613832,,1668791673,0,,0
20221118,1080639278,,1668791677,0,1.918,0
20221118,67553932.17,,1668795034,1,2.791,0
20221118,665096955.2,,1668795764,1,25.821,0
20221118,1521130810,,1668809013,1,18.961,0
20221118,533557671.2,,1668796937,1,6.158,0
20221118,333477272.2,,1668796963,1,16.301,0
20221118,1671094864,,1668802267,0,,0
20221118,376876953.2,,1668802326,0,,0
20221118,26452164.17,,1668818220,1,33.895,0
20221118,26452164.17,,1668828537,0,,0
20221118,75764624.17,,1668814434,0,4.89,0
20221118,808143870.2,,1668816570,1,11.421,0
20221118,512930331.2,,1668819979,1,641.969,0
20221118,1194675253,,1668828820,0,2.535,0
20221118,1823589551,,1668825835,0,,0
20221118,708661399.2,,1668832718,0,7.405,0
20221117,519691596.2,,1668691143,1,22.731,0
20221117,2115829972,,1668693791,0,2.383,0
20221117,848599751.2,,1668712593,1,13.481,0
20221117,593915080.2,,1668680045,1,34.318,0
20221117,593915080.2,,1668687110,0,,0
20221117,1714173456,,1668673272,0,,0
20221117,1355223160,,1668699466,0,,0
20221117,1832777731,,1668709555,0,5.474,0
20221117,65410852.17,,1668709576,0,6.844,0
20221117,2089516186,,1668673243,0,4.054,0
20221117,221528634.2,,1668672761,1,48.723,0
20221117,1338018502,,1668682104,0,,0
20221117,1633957026,,1668685297,0,7.608,0
20221117,1284278001,,1668718738,0,,0
20221117,593510560.2,,1668688953,1,,0
20221117,17616418.17,,1668694948,1,2.912,0
20221117,17616418.17,,1668697869,0,,0
20221117,1640691765,,1668708648,1,7.944,0
20221117,1150743520,,1668722943,0,0.052,0
20221117,662405410.2,,1668718436,0,,0
20221117,1863077738,,1668671965,0,,0
20221117,927286031.2,,1668695440,1,58.038,0
20221117,1002166932,,1668708733,1,49.287,0
20221117,2071244172,,1668708794,0,,0
20221117,1279068132,,1668702161,1,80.629,0
20221117,1781819153,,1668680361,0,,0
20221117,2110405235,,1668708634,0,,0
20221117,200310395.2,,1668676792,1,127.444,0
20221117,1096853111,,1668749389,1,16.328,0
20221117,1235564878,,1668687773,1,49.708,0
20221117,1235564878,,1668724389,0,,0
20221117,1235564878,,1668728245,0,,0
20221117,1783153590,,1668676746,0,1.597,0
20221117,195235761.2,,1668676760,0,9.002,0
20221117,823679667.2,,1668741152,1,,0
20221117,1381400681,,1668676141,0,2.714,0
20221117,1734267088,,1668676149,1,10.375,0
20221117,933951808.2,,1668742246,0,0.022,0
20221117,933951808.2,,1668739367,1,116.629,0
20221117,1367897252,,1668733608,0,,0
20221117,424705099.2,,1668668398,1,17.711,0
20221117,1191915501,,1668697070,1,37.786,0
20221117,1191915501,,1668699830,0,,0
20221117,1310262310,,1668717775,0,,0
20221117,2111020610,,1668709800,1,250.914,0
20221117,1974403009,,1668710726,0,,0
20221117,416001520.2,,1668675213,0,,0
20221117,927928165.2,,1668703425,0,,0
20221117,1489894469,,1668676638,1,33.203,0
20221117,1323652925,,1668676698,1,5.181,0
20221117,1653579599,,1668683976,1,12.791,0
20221117,665795725.2,,1668696588,1,,0
20221117,749587421.2,,1668721044,0,1.722,0
20221117,1697304079,,1668720562,1,71.067,0
20221117,906887078.2,,1668712400,1,159.083,0
20221117,1582795786,,1668718938,0,3.213,0
20221117,246892248.2,,1668717020,1,17.018,0
20221117,1166563415,,1668717379,0,2.285,0
20221117,708661399.2,,1668717761,0,,0
20221117,708661399.2,,1668708228,1,3.157,0
20221117,604747454.2,,1668716317,0,7.895,0
20221117,604747454.2,,1668708245,0,3.248,0
20221117,1571767244,,1668722569,0,,0
20221117,772631426.2,,1668668835,1,10.979,0
20221117,995391928.2,,1668676808,0,,0
20221117,1313860121,,1668685440,0,,0
20221117,1887673907,,1668693951,1,314.029,0
20221117,1417061043,,1668687297,0,,0
20221117,407242622.2,,1668700024,1,496.679,0
20221117,1390921203,,1668699502,1,47.108,0
20221117,122583536.2,,1668701954,0,,0
20221117,122583536.2,,1668700058,1,19.23,0
20221117,1830629723,,1668695800,0,0.044,0
20221117,1161497509,,1668691821,1,,0
20221117,1227515970,,1668724741,0,1.518,0
20221117,1227515970,,1668716216,1,34.965,0
20221117,93744313.17,,1668709791,0,,0
20221117,1185261745,,1668709245,0,,0
20221117,828699051.2,,1668722272,0,,0
20221117,1512332413,,1668708088,0,,0
20221117,162536239.2,,1668708345,0,1.327,0
20221117,1512332413,,1668710087,1,0.015,0
20221117,597183883.2,,1668715596,1,52.367,0
20221117,1566590677,,1668715641,0,,0
20221117,92693100.17,,1668713393,0,,0
20221117,733468798.2,,1668721796,0,,0
20221117,312061544.2,,1668707914,1,20.775,0
20221117,898961083.2,,1668716409,0,,0
20221117,2145130969,,1668730160,0,,0
20221117,692081080.2,,1668730992,0,0.656,0
20221117,598075515.2,,1668732071,1,,0
20221117,1661988905,,1668736587,1,30.585,0
20221117,1936567907,,1668737153,0,,0
20221117,624870800.2,,1668737972,0,,0
20221117,1077178461,,1668734162,0,,0
20221117,1273834664,,1668734484,1,10.487,0
20221117,1168396498,,1668744000,1,31.982,0
20221117,1776077894,,1668744050,0,,0
20221117,1595393398,,1668746279,1,61.228,0
20221117,388979253.2,,1668746351,0,2.789,0
20221117,691226317.2,,1668750511,0,,0
20221117,1450857982,,1668669582,1,20.428,0
20221117,1380578302,,1668695884,0,,0
20221117,1744636468,,1668714440,0,,0
20221117,1744636468,,1668710918,0,,0
20221117,1213743365,,1668730474,0,0.037,0
20221117,1158926559,,1668730481,0,4.561,0
20221117,1064756056,,1668686249,0,,0
20221117,1064756056,,1668673533,0,,0
20221117,1064756056,,1668707883,1,8.547,0
20221117,1320787997,,1668696291,0,1.589,0
20221117,1273636148,,1668696306,0,4.77,0
20221117,1115802132,,1668712382,0,,0
20221117,undefined,Black Friday TTI Admissions,,,,0
20221116,1715223060,Traffic to Income™ Application interview,,,,1
20221116,1129690852,Black Friday TTI Admissions,,,,0
20221116,826324924.2,,1668633700,0,,0
20221116,182667255.2,,1668607724,0,,0
20221116,1366915212,,1668607355,0,,0
20221116,144809086.2,,1668630282,0,,0
20221116,915752666.2,,1668632000,0,2.202,0
20221116,2105524132,,1668632073,1,18.34,0
20221116,2105524132,,1668634668,0,1.694,0
20221116,1562242472,,1668610141,0,,0
20221116,1137227000,,1668624988,0,,0
20221116,688158922.2,,1668632196,0,,0
20221116,1717889942,,1668661862,1,2.211,0
20221116,937380035.2,,1668655136,0,1.054,0
20221116,1488327238,,1668594456,0,,0
20221116,937380035.2,,1668652453,1,151.358,0
20221116,937380035.2,,1668645240,1,180.059,0
20221116,1760766176,,1668612484,0,,0
20221116,2094448037,,1668603645,0,,0
20221116,1089192026,,1668657623,1,56.764,0
20221116,1089192026,,1668664278,0,,0
20221116,1537596467,,1668582181,0,1.566,0
20221116,1313860121,,1668647778,1,19.123,0
20221116,934254719.2,,1668647827,0,,0
20221116,1790706772,,1668632225,1,272.452,0
20221116,1806698509,,1668632592,1,10.518,0
20221116,1790706772,,1668636162,1,2.313,0
20221116,2140748444,,1668631923,0,,0
20221116,10287797.17,,1668619532,0,,0
20221116,1816111137,,1668630577,1,1.314,0
20221116,242420969.2,,1668664420,0,,0
20221116,541086016.2,,1668582103,0,,0
20221116,1303972206,,1668588000,0,,0
20221116,1332073389,,1668623537,0,,0
20221116,1372425409,,1668625514,0,,0
20221116,1790429909,,1668628628,0,,0
20221116,567544487.2,,1668630627,0,,0
20221116,1753717246,,1668630701,0,,0
20221116,1538459680,,1668659249,1,1.096,0
20221116,307653277.2,,1668655876,0,,0
20221116,1108443778,,1668655035,0,,0
20221116,432006895.2,,1668661843,0,,0
20221116,1788910768,,1668658090,0,,0
20221116,1384932084,,1668655276,1,58.207,0
20221116,428166917.2,,1668655410,1,11.85,0
20221116,273309563.2,,1668593532,0,,0
20221116,1918996633,,1668582884,0,,0
20221116,1595952740,,1668599436,0,,0
20221116,1030122417,,1668653618,0,,0
20221116,1334129248,,1668641070,1,13.31,0
20221116,783410644.2,,1668653540,0,,0
20221116,129223676.2,,1668645484,1,15.31,0
20221116,588990315.2,,1668649468,1,26.151,0
20221116,1549890316,,1668645050,0,0.045,0
20221116,1197899620,,1668640747,1,23.985,0
20221116,307653277.2,,1668651943,0,0.042,0
20221116,1817349309,,1668650925,0,,0
20221116,490465025.2,,1668647897,0,,0
20221116,412496810.2,,1668617551,0,,0
20221116,791476309.2,,1668650491,0,,0
20221116,776691743.2,,1668646387,1,236.863,0
20221116,1279068132,,1668632559,0,2.541,0
20221116,780547291.2,,1668633552,1,29.226,0
20221116,234040729.2,,1668633605,0,4.315,0
20221116,1730171682,,1668619560,0,,0
20221116,340428541.2,,1668612762,1,32.781,0
20221116,787040928.2,,1668612773,0,5.442,0
20221116,1125751810,,1668602568,0,,0
20221116,782574005.2,,1668655844,0,1.159,0
20221116,1679737032,,1668605815,0,,0
20221116,537814526.2,,1668657986,0,,0
20221116,1497005849,,1668601742,0,,0
20221116,1347987911,,1668660961,0,,0
20221116,1133157471,,1668602428,0,,0
20221116,1119849324,,1668645726,0,5.292,0
20221116,2054492396,,1668645748,0,5.797,0
20221116,919933087.2,,1668603993,0,,0
20221116,245446436.2,,1668624513,1,92.557,0
20221116,1278352539,,1668630178,1,0.062,0
20221116,1808228796,,1668664852,0,,0
20221116,1129690852,,1668649093,1,65.772,0
20221116,804960892.2,,1668649217,0,1.015,0
20221116,1500510564,,1668611931,0,0.046,0
20221116,1858268413,,1668611940,0,3.778,0
20221116,16440519.17,,1668665988,0,,0
20221116,884230826.2,,1668620264,0,7.608,0
20221116,1087869234,,1668623838,0,,0
20221116,320139542.2,,1668584560,1,36.298,0
20221116,2116459978,,1668630418,0,3.071,0
20221116,1355512833,,1668623362,1,1.537,0
20221116,169745424.2,,1668619612,1,4.651,0
20221116,1355512833,,1668619708,1,9.103,0
20221116,1461638834,,1668589454,0,,0
20221116,1979658177,,1668646207,0,,0
20221116,1715223060,,1668627715,1,122.724,0
20221116,441433608.2,,1668620699,0,,0
20221116,702166477.2,,1668620064,0,,0
20221116,606719959.2,,1668622119,0,,0
20221116,111656415.2,,1668623219,0,,0
20221116,945106437.2,,1668666383,0,,0
20221116,2137580271,,1668583629,1,11.08,0
20221116,1219281076,,1668623977,0,,0
20221116,221528634.2,,1668646037,1,50.863,0
20221116,1760765231,,1668646381,1,23.291,0
20221116,1105747129,,1668629450,0,,0
20221116,460340697.2,,1668601768,0,6.941,0
20221116,348051858.2,,1668631677,0,,0
20221116,1153124177,,1668599548,1,,0
20221116,512169134.2,,1668601413,0,,0
20221116,399543711.2,,1668613342,0,4.177,0
20221116,1157384936,,1668638060,0,,0
20221116,1697908731,,1668638063,1,63.839,0
20221116,734743159.2,,1668630909,0,2.069,0
20221116,1380309617,,1668632389,1,393.445,0
20221116,755321522.2,,1668634280,1,36.768,0
20221116,333477272.2,,1668615845,1,6.566,0
20221116,1733895772,,1668630580,0,,0
20221116,1856048136,,1668598009,0,1.618,0
20221116,194640004.2,,1668641666,1,12.135,0
20221116,1040438976,,1668608566,1,5.871,0
20221116,1609861848,,1668616716,1,1.955,0
20221116,2115829972,,1668651588,1,6.932,0
20221116,2031601.166,,1668646092,1,7.061,0
20221116,424705099.2,,1668668398,0,,0
20221116,708661399.2,,1668620536,1,28.047,0
20221116,1521130810,,1668629453,1,3.96,0
20221116,708661399.2,,1668658114,1,4.26,0
20221116,708661399.2,,1668663612,0,,0
20221116,1856048136,,1668646237,0,,0
20221116,708661399.2,,1668645211,0,,0
20221116,708661399.2,,1668666050,0,,0
20221116,898961083.2,,1668598066,0,,0
20221116,898961083.2,,1668609340,1,137.386,0
20221116,1367897252,,1668612137,1,17.473,0
20221116,1367897252,,1668634679,0,,0
20221116,1337653568,,1668666297,1,985.628,0
20221116,2144226719,,1668618632,1,3.023,0
20221116,1514039102,,1668590738,1,49.399,0
20221116,2144226719,,1668613640,0,,0
20221116,67553932.17,,1668620666,1,11.657,0
20221116,628327677.2,,1668639114,0,,0
20221116,1419707688,,1668666425,1,161.309,0
20221116,267314288.2,,1668641089,1,102.195,0
20221115,670574543.2,Traffic to Income™ Application interview,,,,1
20221115,1716895698,Coaching Call,,,,0
20221115,210230244.2,,1668504435,0,,0
20221115,1159270289,,1668506517,1,61.118,0
20221115,2143935277,,1668562207,1,7.389,0
20221115,1709568401,,1668578805,1,32.429,0
20221115,297398387.2,,1668538406,0,,0
20221115,1417144368,,1668569662,1,58.358,0
20221115,2115829972,,1668521033,0,6.024,0
20221115,519691596.2,,1668563017,1,28.122,0
20221115,1383712924,,1668518203,1,61.425,0
20221115,1592561351,,1668503419,1,28.327,0
20221115,464659013.2,,1668527000,1,38.889,0
20221115,464927147.2,,1668550966,0,,0
20221115,1557864050,,1668540751,1,45.884,0
20221115,476015642.2,,1668554605,0,,0
20221115,575349901.2,,1668556747,0,,0
20221115,53271977.17,,1668556769,0,,0
20221115,2044913351,,1668551182,1,23.375,0
20221115,391050447.2,,1668551249,1,14.115,0
20221115,1018518252,,1668540680,0,,0
20221115,1702171800,,1668555822,0,,0
20221115,828552553.2,,1668513760,0,,0
20221115,1937001078,,1668514524,0,,0
20221115,1265406761,,1668514875,1,10.487,0
20221115,374677433.2,,1668520936,0,,0
20221115,1389451395,,1668507189,1,332.427,0
20221115,803535409.2,,1668554134,0,,0
20221115,1763848225,,1668557766,0,,0
20221115,1763848225,,1668553638,1,113.861,0
20221115,1893314539,,1668564533,1,23.508,0
20221115,646548793.2,,1668539207,1,21.671,0
20221115,628327677.2,,1668534773,0,,0
20221115,1184959684,,1668538545,0,,0
20221115,918576094.2,,1668572867,0,,0
20221115,1824299034,,1668574410,0,,0
20221115,1718497816,,1668558302,0,,0
20221115,1936612034,,1668560704,0,,0
20221115,854737476.2,,1668550277,0,5.027,0
20221115,43689604.17,,1668578728,0,0.045,0
20221115,1129361494,,1668578733,0,6.287,0
20221115,520515677.2,,1668516643,1,,0
20221115,1592466624,,1668538207,0,4.787,0
20221115,1738711370,,1668562841,0,,0
20221115,617838885.2,,1668569332,0,,0
20221115,872123672.2,,1668565779,1,3.475,0
20221115,1221114278,,1668500531,0,,0
20221115,1013257352,,1668527615,1,36.417,0
20221115,1196789159,,1668557380,0,,0
20221115,1688274497,,1668546925,1,,0
20221115,1333482402,,1668547316,0,,0
20221115,1678561741,,1668562096,0,,0
20221115,898961083.2,,1668562122,1,99.551,0
20221115,2056533671,,1668545288,1,72.932,0
20221115,2056533671,,1668547309,1,73.421,0
20221115,1840301287,,1668547453,0,,0
20221115,901954899.2,,1668558191,1,,0
20221115,1716895698,,1668535198,1,12.257,0
20221115,2122864232,,1668543830,0,,0
20221115,683845283.2,,1668571570,0,,0
20221115,164925699.2,,1668556969,1,41.232,0
20221115,868035697.2,,1668556479,0,1.293,0
20221115,356367354.2,,1668550361,0,7.196,0
20221115,1607463608,,1668523573,1,14.7,0
20221115,1994612414,,1668526545,1,6.884,0
20221115,728225211.2,,1668527293,0,,0
20221115,2100969306,,1668528874,1,9.304,0
20221115,450536812.2,,1668523514,0,,0
20221115,422621470.2,,1668523554,1,433.915,0
20221115,1246079802,,1668569302,1,98.832,0
20221115,450536812.2,,1668563705,1,7.55,0
20221115,47759122.17,,1668513905,0,1.912,0
20221115,1876914649,,1668513919,1,18.299,0
20221115,1630789752,,1668537287,1,31.614,0
20221115,1916967048,,1668537335,0,,0
20221115,1588236319,,1668555884,0,,0
20221115,154276752.2,,1668556989,0,,0
20221115,159766171.2,,1668558079,0,,0
20221115,1527510993,,1668565565,0,,0
20221115,3629272.167,,1668565985,0,,0
20221115,1465388259,,1668566021,1,133.393,0
20221115,450144378.2,,1668561963,0,,0
20221115,578756920.2,,1668563348,0,,0
20221115,1269143408,,1668564640,1,124.35,0
20221115,84668972.17,,1668564895,0,7.216,0
20221115,1826768062,,1668569360,0,,0
20221115,239788100.2,,1668571210,0,,0
20221115,1764994212,,1668571743,0,,0
20221115,811503935.2,,1668574302,0,,0
20221115,775739038.2,,1668575354,0,,0
20221115,1119327705,,1668575620,1,28.539,0
20221115,189925062.2,,1668558640,1,27.582,0
20221115,2136242443,,1668559059,1,86.719,0
20221115,139759026.2,,1668560505,0,,0
20221115,1187250501,,1668576754,0,,0
20221115,1115802132,,1668577585,0,,0
20221115,398910090.2,,1668581841,1,60.393,0
20221115,670574543.2,,1668539478,1,100.605,0
20221115,2140033688,,1668554303,0,,0
20221115,624465021.2,,1668568625,0,1.353,0
20221115,1681210772,,1668568638,0,6.318,0
20221115,1126160173,,1668573249,0,,0
20221115,1051838866,,1668522733,0,8.272,0
20221115,1559475929,,1668522742,1,39.441,0
20221115,906167814.2,,1668576035,1,,0
20221115,766248772.2,,1668577762,0,,0
20221115,1921255868,,1668533271,0,,0
20221115,1687696643,,1668526757,1,126.541,0
20221115,523191150.2,,1668527157,1,4.673,0
20221115,1065395031,,1668536794,1,21.868,0
20221115,1065395031,,1668543303,0,,0
20221115,760390400.2,,1668552998,0,,0
20221115,1687696643,,1668542246,1,43.385,0
20221115,523191150.2,,1668542246,0,,0
20221115,747856095.2,,1668539599,1,17.591,0
20221115,2010125728,,1668532948,1,2.1,0
20221115,1425892521,,1668541952,0,,0
20221115,708661399.2,,1668555185,0,,0
20221115,604747454.2,,1668557254,1,10.126,0
20221115,378505721.2,,1668557284,0,6.015,0
20221115,708661399.2,,1668552053,1,11.561,0
20221115,604747454.2,,1668552735,0,,0
20221115,49269270.17,,1668553702,0,6.308,0
20221115,1196826709,,1668550087,1,148.902,0
20221115,617089300.2,,1668550244,1,22.553,0
20221115,1715594684,,1668566833,0,4.32,0
20221115,267314288.2,,1668567142,0,,0
20221115,267314288.2,,1668564232,1,90.956,0
20221115,267314288.2,,1668570951,0,,0
20221115,2144226719,,1668569261,1,4.012,0